[15:10:22] [main/INFO]: Loading Minecraft 1.20.1 with Fabric Loader 0.16.14
[15:10:23] [ForkJoinPool-1-worker-1/WARN]: The mod "openblocks" contains invalid entries in its mod json:
- Unsupported root entry "client" at line 24 column 11
[15:10:23] [main/INFO]: Loading 67 mods:
	- alienevo_pack 1.0.6
	- architectury 9.2.14
	- chisel 2.0.0+mc1.20.1
	- chunky 1.3.90
	- cryonicconfig 1.0.0+mc1.20.1
	- dynmap 3.7-SNAPSHOT
	- fabric-api 0.92.0+1.20.1
	   |-- fabric-api-base 0.4.31+1802ada577
	   |-- fabric-api-lookup-api-v1 1.6.36+1802ada577
	   |-- fabric-biome-api-v1 13.0.13+1802ada577
	   |-- fabric-block-api-v1 1.0.11+1802ada577
	   |-- fabric-block-view-api-v2 1.0.1+1802ada577
	   |-- fabric-blockrenderlayer-v1 1.1.41+1802ada577
	   |-- fabric-client-tags-api-v1 1.1.2+1802ada577
	   |-- fabric-command-api-v1 1.2.34+f71b366f77
	   |-- fabric-command-api-v2 2.2.13+1802ada577
	   |-- fabric-commands-v0 0.2.51+df3654b377
	   |-- fabric-containers-v0 0.1.64+df3654b377
	   |-- fabric-content-registries-v0 4.0.11+1802ada577
	   |-- fabric-convention-tags-v1 1.5.5+1802ada577
	   |-- fabric-crash-report-info-v1 0.2.19+1802ada577
	   |-- fabric-data-attachment-api-v1 1.0.0+de0fd6d177
	   |-- fabric-data-generation-api-v1 12.3.4+1802ada577
	   |-- fabric-dimensions-v1 2.1.54+1802ada577
	   |-- fabric-entity-events-v1 1.6.0+1c78457f77
	   |-- fabric-events-interaction-v0 0.6.2+1802ada577
	   |-- fabric-events-lifecycle-v0 0.2.63+df3654b377
	   |-- fabric-game-rule-api-v1 1.0.40+1802ada577
	   |-- fabric-item-api-v1 2.1.28+1802ada577
	   |-- fabric-item-group-api-v1 4.0.12+1802ada577
	   |-- fabric-key-binding-api-v1 1.0.37+1802ada577
	   |-- fabric-keybindings-v0 0.2.35+df3654b377
	   |-- fabric-lifecycle-events-v1 2.2.22+1802ada577
	   |-- fabric-loot-api-v2 1.2.1+1802ada577
	   |-- fabric-loot-tables-v1 1.1.45+9e7660c677
	   |-- fabric-message-api-v1 5.1.9+1802ada577
	   |-- fabric-mining-level-api-v1 2.1.50+1802ada577
	   |-- fabric-model-loading-api-v1 1.0.3+1802ada577
	   |-- fabric-models-v0 0.4.2+9386d8a777
	   |-- fabric-networking-api-v1 1.3.11+1802ada577
	   |-- fabric-networking-v0 0.3.51+df3654b377
	   |-- fabric-object-builder-api-v1 11.1.3+1802ada577
	   |-- fabric-particles-v1 1.1.2+1802ada577
	   |-- fabric-recipe-api-v1 1.0.21+1802ada577
	   |-- fabric-registry-sync-v0 2.3.3+1802ada577
	   |-- fabric-renderer-api-v1 3.2.1+1802ada577
	   |-- fabric-renderer-indigo 1.5.1+1802ada577
	   |-- fabric-renderer-registries-v1 3.2.46+df3654b377
	   |-- fabric-rendering-data-attachment-v1 0.3.37+92a0d36777
	   |-- fabric-rendering-fluids-v1 3.0.28+1802ada577
	   |-- fabric-rendering-v0 1.1.49+df3654b377
	   |-- fabric-rendering-v1 3.0.8+1802ada577
	   |-- fabric-resource-conditions-api-v1 2.3.8+1802ada577
	   |-- fabric-resource-loader-v0 0.11.10+1802ada577
	   |-- fabric-screen-api-v1 2.0.8+1802ada577
	   |-- fabric-screen-handler-api-v1 1.3.30+1802ada577
	   |-- fabric-sound-api-v1 1.0.13+1802ada577
	   |-- fabric-transfer-api-v1 3.3.4+1802ada577
	   \-- fabric-transitive-access-wideners-v1 4.3.1+1802ada577
	- fabric_tps 1.20.1-1.4.0
	- fabricloader 0.16.14
	   \-- mixinextras 0.4.1
	- geckolib 4.4.9
	   \-- com_eliotlash_mclib_mclib 20
	- java 21
	- kubejs 2001.6.5-build.16
	- minecraft 1.20.1
	- openblocks 0.0.3-1.20.1
	- palladium 4.2.2
	   |-- forgeconfigapiport 8.0.0
	   |-- palladiumcore 1.0.1
	   |-- player-animator 1.0.2-rc1+1.20
	   |-- porting_lib_attributes 2.3.2+1.20.1
	   |    |-- porting_lib_core 2.3.2+1.20.1
	   |    \-- reach-entity-attributes 2.4.0
	   \-- team_reborn_energy 3.0.0
	- pehkui 3.7.8+1.14.4-1.20.1
	   \-- kanos_config 0.4.1+1.14.4-1.19.4
	- rhino 2001.2.3-build.10
	- xaerominimap 25.2.6
[15:10:24] [main/INFO]: SpongePowered MIXIN Subsystem Version=0.8.7 Source=file:/workspaces/server/libraries/net/fabricmc/sponge-mixin/0.15.5+mixin.0.8.7/sponge-mixin-0.15.5+mixin.0.8.7.jar Service=Knot/Fabric Env=SERVER
[15:10:24] [main/INFO]: Compatibility level set to JAVA_16
[15:10:24] [main/INFO]: Compatibility level set to JAVA_17
[15:10:26] [main/WARN]: Error loading class: org/quiltmc/qsl/resource/loader/impl/ResourceLoaderImpl (java.lang.ClassNotFoundException: org/quiltmc/qsl/resource/loader/impl/ResourceLoaderImpl)
[15:10:26] [main/WARN]: @Mixin target org.quiltmc.qsl.resource.loader.impl.ResourceLoaderImpl was not found palladium.mixins.json:ResourceLoaderImplMixin from mod palladium
[15:10:26] [main/WARN]: Error loading class: dev/emi/trinkets/api/TrinketsApi (java.lang.ClassNotFoundException: dev/emi/trinkets/api/TrinketsApi)
[15:10:26] [main/WARN]: @Mixin target dev.emi.trinkets.api.TrinketsApi was not found palladium.mixins.json:TrinketsApiMixin from mod palladium
[15:10:27] [main/INFO]: Initializing MixinExtras via com.llamalad7.mixinextras.service.MixinExtrasServiceImpl(version=0.4.1).
[15:10:35] [main/WARN]: @Inject(@At("INVOKE_ASSIGN")) Shift.BY=1 on palladiumcore-common.mixins.json:LightningBoltMixin from mod palladiumcore::handler$znk000$palladiumcore$tick exceeds the maximum allowed value: 0. Increase the value of maxShiftBy to suppress this warning.
[15:10:43] [main/INFO]: [Dynmap] Mod Support API available
[15:10:43] [main/INFO]: Hello Fabric world!
[15:10:43] [KubeJS Background Thread/INFO]: Loaded common.properties
[15:10:43] [KubeJS Background Thread/INFO]: Loaded dev.properties
[15:10:43] [main/INFO]: Looking for KubeJS plugins...
[15:10:43] [main/INFO]: Found plugin source kubejs
[15:10:43] [main/WARN]: Plugin dev.latvian.mods.kubejs.fabric.BuiltinKubeJSFabricClientPlugin does not load on server side, skipping
[15:10:43] [main/INFO]: Found plugin source palladium
[15:10:43] [main/INFO]: Done in 328.9 ms
[15:10:44] [main/INFO]: Loading Rhino Minecraft remapper...
[15:10:44] [main/INFO]: Rhino properties loaded.
[15:10:44] [main/INFO]: Loading mappings for 1.20.1
[15:10:44] [main/INFO]: Done in 0.402 s
[15:10:45] [main/INFO]: example.js#5: Hello, World! (Loaded startup scripts)
[15:10:45] [main/INFO]: Loaded script startup_scripts:example.js in 0.085 s
[15:10:45] [main/INFO]: Loaded script addonpack_alienevo:kubejs_scripts/workbench.js in 0.017 s
[15:10:45] [main/INFO]: Loaded script addonpack_alienevo:kubejs_scripts/wall_run_up.js in 0.001 s
[15:10:45] [main/INFO]: Loaded script addonpack_alienevo:kubejs_scripts/wall_run_down.js in 0.005 s
[15:10:45] [main/INFO]: addonpack_alienevo:kubejs_scripts/wall_run.js#1: Loaded Java class 'net.minecraft.world.level.ClipContext'
[15:10:45] [main/INFO]: addonpack_alienevo:kubejs_scripts/wall_run.js#51: Loaded Java class 'net.minecraft.network.protocol.game.ClientboundSetEntityMotionPacket'
[15:10:45] [main/INFO]: Loaded script addonpack_alienevo:kubejs_scripts/wall_run.js in 0.074 s
[15:10:45] [main/INFO]: Loaded script addonpack_alienevo:kubejs_scripts/wall_climb_small.js in 0.017 s
[15:10:45] [main/INFO]: Loaded script addonpack_alienevo:kubejs_scripts/wall_climb_move_condition.js in 0.0 s
[15:10:45] [main/INFO]: Loaded script addonpack_alienevo:kubejs_scripts/wall_climb_condition.js in 0.0 s
[15:10:45] [main/INFO]: Loaded script addonpack_alienevo:kubejs_scripts/wall_climb.js in 0.013 s
[15:10:45] [main/INFO]: Loaded script addonpack_alienevo:kubejs_scripts/transform.js in 0.029 s
[15:10:45] [main/INFO]: Loaded script addonpack_alienevo:kubejs_scripts/store_armor.js in 0.011 s
[15:10:45] [main/INFO]: Loaded script addonpack_alienevo:kubejs_scripts/stat_ability.js in 0.006 s
[15:10:45] [main/INFO]: Loaded script addonpack_alienevo:kubejs_scripts/sounds.js in 0.005 s
[15:10:45] [main/INFO]: Loaded script addonpack_alienevo:kubejs_scripts/secondary_uniform.js in 0.0 s
[15:10:45] [main/INFO]: Loaded script addonpack_alienevo:kubejs_scripts/screen_shake.js in 0.006 s
[15:10:45] [main/INFO]: Loaded script addonpack_alienevo:kubejs_scripts/quick_change_skill.js in 0.036 s
[15:10:45] [main/INFO]: Loaded script addonpack_alienevo:kubejs_scripts/quick_change.js in 0.006 s
[15:10:45] [main/INFO]: Loaded script addonpack_alienevo:kubejs_scripts/pyro_surf.js in 0.006 s
[15:10:45] [main/INFO]: Loaded script addonpack_alienevo:kubejs_scripts/playlist_cycle.js in 0.006 s
[15:10:45] [main/INFO]: Loaded script addonpack_alienevo:kubejs_scripts/omnitrix_timer.js in 0.034 s
[15:10:45] [main/INFO]: Loaded script addonpack_alienevo:kubejs_scripts/omnitrix_cycle_animation.js in 0.005 s
[15:10:45] [main/INFO]: Loaded script addonpack_alienevo:kubejs_scripts/omnitrix_cycle.js in 0.011 s
[15:10:45] [main/INFO]: Loaded script addonpack_alienevo:kubejs_scripts/obtain_core_colors.js in 0.012 s
[15:10:45] [main/INFO]: Loaded script addonpack_alienevo:kubejs_scripts/motion_water.js in 0.005 s
[15:10:45] [main/INFO]: Loaded script addonpack_alienevo:kubejs_scripts/motion_dash.js in 0.002 s
[15:10:45] [main/INFO]: Loaded script addonpack_alienevo:kubejs_scripts/motion.js in 0.0 s
[15:10:45] [main/INFO]: Loaded script addonpack_alienevo:kubejs_scripts/main_uniform.js in 0.0 s
[15:10:45] [main/INFO]: Loaded script addonpack_alienevo:kubejs_scripts/level.js in 0.001 s
[15:10:45] [main/INFO]: Loaded script addonpack_alienevo:kubejs_scripts/is_alien.js in 0.001 s
[15:10:45] [main/INFO]: Loaded script addonpack_alienevo:kubejs_scripts/infinity.js in 0.005 s
[15:10:45] [main/INFO]: Loaded script addonpack_alienevo:kubejs_scripts/ice_layer.js in 0.005 s
[15:10:45] [main/INFO]: Loaded script addonpack_alienevo:kubejs_scripts/hunger_fix.js in 0.002 s
[15:10:45] [main/INFO]: Loaded script addonpack_alienevo:kubejs_scripts/goo_layer.js in 0.005 s
[15:10:45] [main/INFO]: Loaded script addonpack_alienevo:kubejs_scripts/glow_crystals.js in 0.009 s
[15:10:45] [main/INFO]: Loaded script addonpack_alienevo:kubejs_scripts/glow_color.js in 0.0 s
[15:10:45] [main/INFO]: Loaded script addonpack_alienevo:kubejs_scripts/galvan_pod.js in 0.001 s
[15:10:45] [main/INFO]: Loaded script addonpack_alienevo:kubejs_scripts/explosion.js in 0.003 s
[15:10:45] [main/INFO]: Loaded script addonpack_alienevo:kubejs_scripts/entity_damage.js in 0.005 s
[15:10:45] [main/INFO]: Loaded script addonpack_alienevo:kubejs_scripts/draganoid.js in 0.004 s
[15:10:45] [main/INFO]: Loaded script addonpack_alienevo:kubejs_scripts/directional_damage.js in 0.001 s
[15:10:45] [main/INFO]: addonpack_alienevo:kubejs_scripts/diamond_spikes.js#1: Loaded Java class 'net.minecraft.world.level.block.AmethystClusterBlock'
[15:10:46] [main/INFO]: addonpack_alienevo:kubejs_scripts/diamond_spikes.js#2: Loaded Java class 'net.minecraft.world.level.block.state.BlockBehaviour$Properties'
[15:10:46] [main/INFO]: addonpack_alienevo:kubejs_scripts/diamond_spikes.js#3: Loaded Java class 'net.minecraft.world.level.block.SoundType'
[15:10:46] [main/INFO]: addonpack_alienevo:kubejs_scripts/diamond_spikes.js#4: Loaded Java class 'net.minecraft.world.item.BlockItem'
[15:10:46] [main/INFO]: addonpack_alienevo:kubejs_scripts/diamond_spikes.js#5: Loaded Java class 'net.minecraft.world.item.Item$Properties'
[15:10:46] [main/INFO]: Loaded script addonpack_alienevo:kubejs_scripts/diamond_spikes.js in 0.074 s
[15:10:46] [main/INFO]: Loaded script addonpack_alienevo:kubejs_scripts/diamond_block.js in 0.002 s
[15:10:46] [main/INFO]: Loaded script addonpack_alienevo:kubejs_scripts/detransform.js in 0.006 s
[15:10:46] [main/INFO]: Loaded script addonpack_alienevo:kubejs_scripts/decouple.js in 0.028 s
[15:10:46] [main/INFO]: Loaded script addonpack_alienevo:kubejs_scripts/damage_effect.js in 0.0 s
[15:10:46] [main/INFO]: Loaded script addonpack_alienevo:kubejs_scripts/cycle_sounds.js in 0.007 s
[15:10:46] [main/INFO]: Loaded script addonpack_alienevo:kubejs_scripts/core_removal.js in 0.014 s
[15:10:46] [main/INFO]: Loaded script addonpack_alienevo:kubejs_scripts/color_modules.js in 0.004 s
[15:10:46] [main/INFO]: Loaded script addonpack_alienevo:kubejs_scripts/codes.js in 0.01 s
[15:10:46] [main/INFO]: Loaded script addonpack_alienevo:kubejs_scripts/charge_leap.js in 0.001 s
[15:10:46] [main/INFO]: Loaded script addonpack_alienevo:kubejs_scripts/blocks.js in 0.001 s
[15:10:46] [main/INFO]: Loaded script addonpack_alienevo:kubejs_scripts/behind.js in 0.002 s
[15:10:46] [main/INFO]: addonpack_alienevo:kubejs_scripts/astro_powers.js#1: Loaded Java class 'net.minecraft.world.phys.Vec3'
[15:10:46] [main/INFO]: Loaded script addonpack_alienevo:kubejs_scripts/astro_powers.js in 0.02 s
[15:10:46] [main/INFO]: Loaded script addonpack_alienevo:kubejs_scripts/alien_codex.js in 0.001 s
[15:10:46] [main/INFO]: Loaded script addonpack_alienevo:kubejs_scripts/alienevo_color_condition.js in 0.001 s
[15:10:46] [main/INFO]: Loaded script addonpack_afomni:kubejs_scripts/new_ice_block.js in 0.001 s
[15:10:46] [main/INFO]: Loaded script addonpack_afomni:kubejs_scripts/leap_vax.js in 0.0 s
[15:10:46] [main/INFO]: Loaded script addonpack_afomni:kubejs_scripts/is_mainhand.js in 0.0 s
[15:10:46] [main/INFO]: Loaded script addonpack_afomni:kubejs_scripts/freezing_effect.js in 0.0 s
[15:10:46] [main/INFO]: Loaded script addonpack_afomni:kubejs_scripts/chroma_leap.js in 0.001 s
[15:10:46] [main/INFO]: Loaded script addonpack_afomni:kubejs_scripts/aoe_damage.js in 0.004 s
[15:10:46] [main/INFO]: Loaded 61/61 KubeJS startup scripts in 1.278 s with 0 errors and 0 warnings
[15:10:46] [main/INFO]: [STDERR]: [Rhino] Failed to get declared methods for net.threetag.palladium.util.icon.ItemIcon: java.lang.NoClassDefFoundError: net/minecraft/class_310
[15:10:46] [main/ERROR]: Failed to register ability property "%s", type "%s" is not supported
[15:10:46] [main/INFO]: Registering C2S receiver with id kubejs:send_data_from_client
[15:10:46] [main/INFO]: Registering C2S receiver with id kubejs:first_click
[15:10:46] [main/INFO]: [STDOUT]: All 1 have been set properly
[15:10:47] [main/ERROR]: No data fixer registered for palladium:effect
[15:10:47] [main/ERROR]: No data fixer registered for palladium:trail_segment
[15:10:47] [main/ERROR]: No data fixer registered for palladium:custom_projectile
[15:10:47] [main/ERROR]: No data fixer registered for palladium:suit_stand
[15:10:47] [main/INFO]: Starting addonpack initialisation...
[15:10:47] [main/INFO]: Reloading ResourceManager: alienevo_pack
[15:10:47] [main/INFO]: Registered 2 addonpack creative_mode_tab
[15:10:47] [main/INFO]: Registered 0 addonpack armor materials
[15:10:47] [main/INFO]: Registered 0 addonpack tool tiers
[15:10:47] [main/INFO]: Registered 0 addonpack block
[15:10:47] [main/INFO]: Registered 140 addonpack item
[15:10:47] [main/INFO]: Registered 0 addonpack suit_set
[15:10:47] [main/INFO]: Registered 28 addonpack particle_type
[15:10:47] [main/INFO]: Registered 1 addonpack point_of_interest_type
[15:10:47] [main/INFO]: Registered 1 addonpack villager_profession
[15:10:47] [main/INFO]: Registered 0 addonpack accessory slots
[15:10:47] [main/INFO]: Registered 0 addonpack accessories
[15:10:47] [main/INFO]: Finished addonpack initialisation!
[15:10:48] [main/INFO]: Loading Xaero's Minimap - Stage 1/2 (Server)
[15:10:48] [main/INFO]: Environment: authHost='https://authserver.mojang.com', accountsHost='https://api.mojang.com', sessionHost='https://sessionserver.mojang.com', servicesHost='https://api.minecraftservices.com', name='PROD'
[15:10:48] [main/ERROR]: File /addon/.mcassetsroot does not exist in classpath
[15:10:49] [main/INFO]: example.js#5: Hello, World! (Loaded server scripts)
[15:10:49] [main/INFO]: Loaded script server_scripts:example.js in 0.008 s
[15:10:49] [main/INFO]: Loaded script addonpack_alienevo:kubejs_scripts/xp.js in 0.004 s
[15:10:49] [main/INFO]: Loaded script addonpack_alienevo:kubejs_scripts/workbench_items.js in 0.013 s
[15:10:49] [main/INFO]: Loaded script addonpack_alienevo:kubejs_scripts/workbench.js in 0.149 s
[15:10:49] [main/INFO]: Loaded script addonpack_alienevo:kubejs_scripts/quick_change.js in 0.009 s
[15:10:49] [main/INFO]: Loaded script addonpack_alienevo:kubejs_scripts/pod_loot.js in 0.011 s
[15:10:49] [main/INFO]: Loaded script addonpack_alienevo:kubejs_scripts/playlist_command.js in 0.023 s
[15:10:49] [main/INFO]: Loaded script addonpack_alienevo:kubejs_scripts/palladium_properties.js in 0.002 s
[15:10:49] [main/INFO]: Loaded script addonpack_alienevo:kubejs_scripts/nbt_omnitrix.js in 0.001 s
[15:10:49] [main/INFO]: Loaded script addonpack_alienevo:kubejs_scripts/level_command.js in 0.014 s
[15:10:49] [main/INFO]: Loaded script addonpack_alienevo:kubejs_scripts/hit.js in 0.001 s
[15:10:49] [main/INFO]: Loaded script addonpack_alienevo:kubejs_scripts/flammable_block.js in 0.0 s
[15:10:49] [main/INFO]: Loaded script addonpack_alienevo:kubejs_scripts/failsafe.js in 0.015 s
[15:10:49] [main/INFO]: Loaded script addonpack_alienevo:kubejs_scripts/code_hints.js in 0.006 s
[15:10:49] [main/INFO]: Loaded script addonpack_alienevo:kubejs_scripts/break_block.js in 0.0 s
[15:10:49] [main/INFO]: Loaded script addonpack_alienevo:kubejs_scripts/alien_death.js in 0.0 s
[15:10:49] [main/INFO]: Loaded 16/16 KubeJS server scripts in 0.381 s with 0 errors and 0 warnings
[15:10:49] [main/INFO]: Scripts loaded
[15:10:52] [main/INFO]: [fabric-registry-sync] Loaded registry data [file 1/4]
[15:10:53] [main/INFO]: [Dynmap] Register commands
[15:10:53] [Worker-Main-1/INFO]: [minecraft:block] Found 213 tags, added 9 objects, removed 0 objects
[15:10:53] [Worker-Main-1/INFO]: [minecraft:item] Found 197 tags, added 3 objects, removed 0 objects
[15:10:53] [Worker-Main-1/ERROR]: Couldn't parse element loot_tables:alienevo:prototype_omnitrix
com.google.gson.JsonSyntaxException: Unknown type 'minecraft:enchant'
	at net.minecraft.class_5330$class_5333.deserialize(class_5330.java:99) ~[server-intermediary.jar:?]
	at com.google.gson.internal.bind.TreeTypeAdapter.read(TreeTypeAdapter.java:76) ~[gson-2.10.jar:?]
	at com.google.gson.internal.bind.TypeAdapterRuntimeTypeWrapper.read(TypeAdapterRuntimeTypeWrapper.java:40) ~[gson-2.10.jar:?]
	at com.google.gson.internal.bind.ArrayTypeAdapter.read(ArrayTypeAdapter.java:72) ~[gson-2.10.jar:?]
	at com.google.gson.Gson.fromJson(Gson.java:1214) ~[gson-2.10.jar:?]
	at com.google.gson.Gson.fromJson(Gson.java:1319) ~[gson-2.10.jar:?]
	at com.google.gson.Gson.fromJson(Gson.java:1290) ~[gson-2.10.jar:?]
	at com.google.gson.internal.bind.TreeTypeAdapter$GsonContextImpl.deserialize(TreeTypeAdapter.java:179) ~[gson-2.10.jar:?]
	at net.minecraft.class_3518.method_15291(class_3518.java:463) ~[server-intermediary.jar:?]
	at net.minecraft.class_3518.method_15283(class_3518.java:481) ~[server-intermediary.jar:?]
	at net.minecraft.class_85$class_90.method_441(class_85.java:149) ~[server-intermediary.jar:?]
	at net.minecraft.class_85$class_90.method_424(class_85.java:129) ~[server-intermediary.jar:?]
	at net.minecraft.class_79$class_5337.method_29319(class_79.java:86) ~[server-intermediary.jar:?]
	at net.minecraft.class_79$class_5337.method_517(class_79.java:74) ~[server-intermediary.jar:?]
	at net.minecraft.class_5330$class_5333.deserialize(class_5330.java:102) ~[server-intermediary.jar:?]
	at com.google.gson.internal.bind.TreeTypeAdapter.read(TreeTypeAdapter.java:76) ~[gson-2.10.jar:?]
	at com.google.gson.internal.bind.TypeAdapterRuntimeTypeWrapper.read(TypeAdapterRuntimeTypeWrapper.java:40) ~[gson-2.10.jar:?]
	at com.google.gson.internal.bind.ArrayTypeAdapter.read(ArrayTypeAdapter.java:72) ~[gson-2.10.jar:?]
	at com.google.gson.Gson.fromJson(Gson.java:1214) ~[gson-2.10.jar:?]
	at com.google.gson.Gson.fromJson(Gson.java:1319) ~[gson-2.10.jar:?]
	at com.google.gson.Gson.fromJson(Gson.java:1290) ~[gson-2.10.jar:?]
	at com.google.gson.internal.bind.TreeTypeAdapter$GsonContextImpl.deserialize(TreeTypeAdapter.java:179) ~[gson-2.10.jar:?]
	at net.minecraft.class_3518.method_15291(class_3518.java:463) ~[server-intermediary.jar:?]
	at net.minecraft.class_3518.method_15272(class_3518.java:471) ~[server-intermediary.jar:?]
	at net.minecraft.class_55$class_57.method_358(class_55.java:173) ~[server-intermediary.jar:?]
	at net.minecraft.class_55$class_57.deserialize(class_55.java:169) ~[server-intermediary.jar:?]
	at com.google.gson.internal.bind.TreeTypeAdapter.read(TreeTypeAdapter.java:76) ~[gson-2.10.jar:?]
	at com.google.gson.internal.bind.TypeAdapterRuntimeTypeWrapper.read(TypeAdapterRuntimeTypeWrapper.java:40) ~[gson-2.10.jar:?]
	at com.google.gson.internal.bind.ArrayTypeAdapter.read(ArrayTypeAdapter.java:72) ~[gson-2.10.jar:?]
	at com.google.gson.Gson.fromJson(Gson.java:1214) ~[gson-2.10.jar:?]
	at com.google.gson.Gson.fromJson(Gson.java:1319) ~[gson-2.10.jar:?]
	at com.google.gson.Gson.fromJson(Gson.java:1290) ~[gson-2.10.jar:?]
	at com.google.gson.internal.bind.TreeTypeAdapter$GsonContextImpl.deserialize(TreeTypeAdapter.java:179) ~[gson-2.10.jar:?]
	at net.minecraft.class_3518.method_15291(class_3518.java:463) ~[server-intermediary.jar:?]
	at net.minecraft.class_3518.method_15283(class_3518.java:481) ~[server-intermediary.jar:?]
	at net.minecraft.class_52$class_54.method_340(class_52.java:250) ~[server-intermediary.jar:?]
	at net.minecraft.class_52$class_54.deserialize(class_52.java:246) ~[server-intermediary.jar:?]
	at com.google.gson.internal.bind.TreeTypeAdapter.read(TreeTypeAdapter.java:76) ~[gson-2.10.jar:?]
	at com.google.gson.Gson.fromJson(Gson.java:1214) ~[gson-2.10.jar:?]
	at com.google.gson.Gson.fromJson(Gson.java:1319) ~[gson-2.10.jar:?]
	at com.google.gson.Gson.fromJson(Gson.java:1261) ~[gson-2.10.jar:?]
	at net.minecraft.class_8490.method_51205(class_8490.java:64) ~[server-intermediary.jar:?]
	at net.minecraft.class_8490.method_51204(class_8490.java:48) ~[server-intermediary.jar:?]
	at net.minecraft.class_60.method_51195(class_60.java:55) ~[server-intermediary.jar:?]
	at java.util.HashMap.forEach(HashMap.java:1429) ~[?:?]
	at net.minecraft.class_60.method_51189(class_60.java:55) ~[server-intermediary.jar:?]
	at java.util.concurrent.CompletableFuture$AsyncRun.run(CompletableFuture.java:1804) ~[?:?]
	at java.util.concurrent.CompletableFuture$AsyncRun.exec(CompletableFuture.java:1796) ~[?:?]
	at java.util.concurrent.ForkJoinTask.doExec(ForkJoinTask.java:387) ~[?:?]
	at java.util.concurrent.ForkJoinPool$WorkQueue.topLevelExec(ForkJoinPool.java:1312) ~[?:?]
	at java.util.concurrent.ForkJoinPool.scan(ForkJoinPool.java:1843) ~[?:?]
	at java.util.concurrent.ForkJoinPool.runWorker(ForkJoinPool.java:1808) ~[?:?]
	at java.util.concurrent.ForkJoinWorkerThread.run(ForkJoinWorkerThread.java:188) ~[?:?]
[15:10:54] [main/INFO]: Loaded 0 loot table modifications
[15:10:54] [main/ERROR]: Parsing error loading recipe alienevo:module_dye/dye_black_module
com.google.gson.JsonSyntaxException: Unknown item 'alienevo:color_module_light_blue'
	at net.minecraft.class_1869.method_17878(class_1869.java:272) ~[server-intermediary.jar:?]
	at java.util.Optional.orElseThrow(Optional.java:403) ~[?:?]
	at net.minecraft.class_1869.method_8155(class_1869.java:272) ~[server-intermediary.jar:?]
	at net.minecraft.class_1856.method_8107(class_1856.java:160) ~[server-intermediary.jar:?]
	at net.minecraft.class_1856.method_8090(class_1856.java:149) ~[server-intermediary.jar:?]
	at java.util.stream.ReferencePipeline$3$1.accept(ReferencePipeline.java:197) ~[?:?]
	at java.util.ArrayList$Itr.forEachRemaining(ArrayList.java:1085) ~[?:?]
	at java.util.Spliterators$IteratorSpliterator.forEachRemaining(Spliterators.java:1939) ~[?:?]
	at java.util.stream.AbstractPipeline.copyInto(AbstractPipeline.java:509) ~[?:?]
	at java.util.stream.AbstractPipeline.wrapAndCopyInto(AbstractPipeline.java:499) ~[?:?]
	at java.util.stream.AbstractPipeline.evaluate(AbstractPipeline.java:575) ~[?:?]
	at java.util.stream.AbstractPipeline.evaluateToArrayNode(AbstractPipeline.java:260) ~[?:?]
	at java.util.stream.ReferencePipeline.toArray(ReferencePipeline.java:616) ~[?:?]
	at net.minecraft.class_1856.<init>(class_1856.java:43) ~[server-intermediary.jar:?]
	at net.minecraft.class_1856.method_8092(class_1856.java:105) ~[server-intermediary.jar:?]
	at net.minecraft.class_1856.method_8102(class_1856.java:149) ~[server-intermediary.jar:?]
	at net.minecraft.class_1867$class_1868.method_8144(class_1867.java:107) ~[server-intermediary.jar:?]
	at net.minecraft.class_1867$class_1868.method_8142(class_1867.java:92) ~[server-intermediary.jar:?]
	at net.minecraft.class_1867$class_1868.method_8121(class_1867.java:87) ~[server-intermediary.jar:?]
	at net.minecraft.class_1863.method_17720(class_1863.java:135) ~[server-intermediary.jar:?]
	at net.minecraft.class_1863.method_20705(class_1863.java:56) ~[server-intermediary.jar:?]
	at net.minecraft.class_1863.method_18788(class_1863.java:35) ~[server-intermediary.jar:?]
	at net.minecraft.class_4080.method_18790(class_4080.java:13) ~[server-intermediary.jar:?]
	at java.util.concurrent.CompletableFuture$UniAccept.tryFire(CompletableFuture.java:718) ~[?:?]
	at java.util.concurrent.CompletableFuture$Completion.run(CompletableFuture.java:482) ~[?:?]
	at net.minecraft.class_4014.method_18365(class_4014.java:69) ~[server-intermediary.jar:?]
	at net.minecraft.class_156.method_43498(class_156.java:950) ~[server-intermediary.jar:?]
	at net.minecraft.class_156.method_43499(class_156.java:938) ~[server-intermediary.jar:?]
	at net.minecraft.server.Main.main(Main.java:160) ~[server-intermediary.jar:?]
	at net.fabricmc.loader.impl.game.minecraft.MinecraftGameProvider.launch(MinecraftGameProvider.java:480) ~[fabric-loader-0.16.14.jar:?]
	at net.fabricmc.loader.impl.launch.knot.Knot.launch(Knot.java:74) ~[fabric-loader-0.16.14.jar:?]
	at net.fabricmc.loader.impl.launch.knot.KnotServer.main(KnotServer.java:23) ~[fabric-loader-0.16.14.jar:?]
	at net.fabricmc.loader.impl.launch.server.FabricServerLauncher.main(FabricServerLauncher.java:69) ~[fabric-loader-0.16.14.jar:?]
	at net.fabricmc.installer.ServerLauncher.main(ServerLauncher.java:69) ~[server.jar:1.0.3]
[15:10:54] [main/ERROR]: Parsing error loading recipe alienevo:module_dye/dye_gray_module
com.google.gson.JsonSyntaxException: Unknown item 'alienevo:color_module_light_blue'
	at net.minecraft.class_1869.method_17878(class_1869.java:272) ~[server-intermediary.jar:?]
	at java.util.Optional.orElseThrow(Optional.java:403) ~[?:?]
	at net.minecraft.class_1869.method_8155(class_1869.java:272) ~[server-intermediary.jar:?]
	at net.minecraft.class_1856.method_8107(class_1856.java:160) ~[server-intermediary.jar:?]
	at net.minecraft.class_1856.method_8090(class_1856.java:149) ~[server-intermediary.jar:?]
	at java.util.stream.ReferencePipeline$3$1.accept(ReferencePipeline.java:197) ~[?:?]
	at java.util.ArrayList$Itr.forEachRemaining(ArrayList.java:1085) ~[?:?]
	at java.util.Spliterators$IteratorSpliterator.forEachRemaining(Spliterators.java:1939) ~[?:?]
	at java.util.stream.AbstractPipeline.copyInto(AbstractPipeline.java:509) ~[?:?]
	at java.util.stream.AbstractPipeline.wrapAndCopyInto(AbstractPipeline.java:499) ~[?:?]
	at java.util.stream.AbstractPipeline.evaluate(AbstractPipeline.java:575) ~[?:?]
	at java.util.stream.AbstractPipeline.evaluateToArrayNode(AbstractPipeline.java:260) ~[?:?]
	at java.util.stream.ReferencePipeline.toArray(ReferencePipeline.java:616) ~[?:?]
	at net.minecraft.class_1856.<init>(class_1856.java:43) ~[server-intermediary.jar:?]
	at net.minecraft.class_1856.method_8092(class_1856.java:105) ~[server-intermediary.jar:?]
	at net.minecraft.class_1856.method_8102(class_1856.java:149) ~[server-intermediary.jar:?]
	at net.minecraft.class_1867$class_1868.method_8144(class_1867.java:107) ~[server-intermediary.jar:?]
	at net.minecraft.class_1867$class_1868.method_8142(class_1867.java:92) ~[server-intermediary.jar:?]
	at net.minecraft.class_1867$class_1868.method_8121(class_1867.java:87) ~[server-intermediary.jar:?]
	at net.minecraft.class_1863.method_17720(class_1863.java:135) ~[server-intermediary.jar:?]
	at net.minecraft.class_1863.method_20705(class_1863.java:56) ~[server-intermediary.jar:?]
	at net.minecraft.class_1863.method_18788(class_1863.java:35) ~[server-intermediary.jar:?]
	at net.minecraft.class_4080.method_18790(class_4080.java:13) ~[server-intermediary.jar:?]
	at java.util.concurrent.CompletableFuture$UniAccept.tryFire(CompletableFuture.java:718) ~[?:?]
	at java.util.concurrent.CompletableFuture$Completion.run(CompletableFuture.java:482) ~[?:?]
	at net.minecraft.class_4014.method_18365(class_4014.java:69) ~[server-intermediary.jar:?]
	at net.minecraft.class_156.method_43498(class_156.java:950) ~[server-intermediary.jar:?]
	at net.minecraft.class_156.method_43499(class_156.java:938) ~[server-intermediary.jar:?]
	at net.minecraft.server.Main.main(Main.java:160) ~[server-intermediary.jar:?]
	at net.fabricmc.loader.impl.game.minecraft.MinecraftGameProvider.launch(MinecraftGameProvider.java:480) ~[fabric-loader-0.16.14.jar:?]
	at net.fabricmc.loader.impl.launch.knot.Knot.launch(Knot.java:74) ~[fabric-loader-0.16.14.jar:?]
	at net.fabricmc.loader.impl.launch.knot.KnotServer.main(KnotServer.java:23) ~[fabric-loader-0.16.14.jar:?]
	at net.fabricmc.loader.impl.launch.server.FabricServerLauncher.main(FabricServerLauncher.java:69) ~[fabric-loader-0.16.14.jar:?]
	at net.fabricmc.installer.ServerLauncher.main(ServerLauncher.java:69) ~[server.jar:1.0.3]
[15:10:54] [main/ERROR]: Parsing error loading recipe alienevo:module_dye/dye_blue_module
com.google.gson.JsonSyntaxException: Unknown item 'alienevo:color_module_light_blue'
	at net.minecraft.class_1869.method_17878(class_1869.java:272) ~[server-intermediary.jar:?]
	at java.util.Optional.orElseThrow(Optional.java:403) ~[?:?]
	at net.minecraft.class_1869.method_8155(class_1869.java:272) ~[server-intermediary.jar:?]
	at net.minecraft.class_1856.method_8107(class_1856.java:160) ~[server-intermediary.jar:?]
	at net.minecraft.class_1856.method_8090(class_1856.java:149) ~[server-intermediary.jar:?]
	at java.util.stream.ReferencePipeline$3$1.accept(ReferencePipeline.java:197) ~[?:?]
	at java.util.ArrayList$Itr.forEachRemaining(ArrayList.java:1085) ~[?:?]
	at java.util.Spliterators$IteratorSpliterator.forEachRemaining(Spliterators.java:1939) ~[?:?]
	at java.util.stream.AbstractPipeline.copyInto(AbstractPipeline.java:509) ~[?:?]
	at java.util.stream.AbstractPipeline.wrapAndCopyInto(AbstractPipeline.java:499) ~[?:?]
	at java.util.stream.AbstractPipeline.evaluate(AbstractPipeline.java:575) ~[?:?]
	at java.util.stream.AbstractPipeline.evaluateToArrayNode(AbstractPipeline.java:260) ~[?:?]
	at java.util.stream.ReferencePipeline.toArray(ReferencePipeline.java:616) ~[?:?]
	at net.minecraft.class_1856.<init>(class_1856.java:43) ~[server-intermediary.jar:?]
	at net.minecraft.class_1856.method_8092(class_1856.java:105) ~[server-intermediary.jar:?]
	at net.minecraft.class_1856.method_8102(class_1856.java:149) ~[server-intermediary.jar:?]
	at net.minecraft.class_1867$class_1868.method_8144(class_1867.java:107) ~[server-intermediary.jar:?]
	at net.minecraft.class_1867$class_1868.method_8142(class_1867.java:92) ~[server-intermediary.jar:?]
	at net.minecraft.class_1867$class_1868.method_8121(class_1867.java:87) ~[server-intermediary.jar:?]
	at net.minecraft.class_1863.method_17720(class_1863.java:135) ~[server-intermediary.jar:?]
	at net.minecraft.class_1863.method_20705(class_1863.java:56) ~[server-intermediary.jar:?]
	at net.minecraft.class_1863.method_18788(class_1863.java:35) ~[server-intermediary.jar:?]
	at net.minecraft.class_4080.method_18790(class_4080.java:13) ~[server-intermediary.jar:?]
	at java.util.concurrent.CompletableFuture$UniAccept.tryFire(CompletableFuture.java:718) ~[?:?]
	at java.util.concurrent.CompletableFuture$Completion.run(CompletableFuture.java:482) ~[?:?]
	at net.minecraft.class_4014.method_18365(class_4014.java:69) ~[server-intermediary.jar:?]
	at net.minecraft.class_156.method_43498(class_156.java:950) ~[server-intermediary.jar:?]
	at net.minecraft.class_156.method_43499(class_156.java:938) ~[server-intermediary.jar:?]
	at net.minecraft.server.Main.main(Main.java:160) ~[server-intermediary.jar:?]
	at net.fabricmc.loader.impl.game.minecraft.MinecraftGameProvider.launch(MinecraftGameProvider.java:480) ~[fabric-loader-0.16.14.jar:?]
	at net.fabricmc.loader.impl.launch.knot.Knot.launch(Knot.java:74) ~[fabric-loader-0.16.14.jar:?]
	at net.fabricmc.loader.impl.launch.knot.KnotServer.main(KnotServer.java:23) ~[fabric-loader-0.16.14.jar:?]
	at net.fabricmc.loader.impl.launch.server.FabricServerLauncher.main(FabricServerLauncher.java:69) ~[fabric-loader-0.16.14.jar:?]
	at net.fabricmc.installer.ServerLauncher.main(ServerLauncher.java:69) ~[server.jar:1.0.3]
[15:10:54] [main/ERROR]: Parsing error loading recipe alienevo:remove_core_module
com.google.gson.JsonSyntaxException: Unknown item 'alienevo:remove_core_module'
	at net.minecraft.class_1869.method_17878(class_1869.java:272) ~[server-intermediary.jar:?]
	at java.util.Optional.orElseThrow(Optional.java:403) ~[?:?]
	at net.minecraft.class_1869.method_8155(class_1869.java:272) ~[server-intermediary.jar:?]
	at net.minecraft.class_1869.method_35228(class_1869.java:259) ~[server-intermediary.jar:?]
	at net.minecraft.class_1869$class_1870.method_8164(class_1869.java:293) ~[server-intermediary.jar:?]
	at net.minecraft.class_1869$class_1870.method_8121(class_1869.java:279) ~[server-intermediary.jar:?]
	at net.minecraft.class_1863.method_17720(class_1863.java:135) ~[server-intermediary.jar:?]
	at net.minecraft.class_1863.method_20705(class_1863.java:56) ~[server-intermediary.jar:?]
	at net.minecraft.class_1863.method_18788(class_1863.java:35) ~[server-intermediary.jar:?]
	at net.minecraft.class_4080.method_18790(class_4080.java:13) ~[server-intermediary.jar:?]
	at java.util.concurrent.CompletableFuture$UniAccept.tryFire(CompletableFuture.java:718) ~[?:?]
	at java.util.concurrent.CompletableFuture$Completion.run(CompletableFuture.java:482) ~[?:?]
	at net.minecraft.class_4014.method_18365(class_4014.java:69) ~[server-intermediary.jar:?]
	at net.minecraft.class_156.method_43498(class_156.java:950) ~[server-intermediary.jar:?]
	at net.minecraft.class_156.method_43499(class_156.java:938) ~[server-intermediary.jar:?]
	at net.minecraft.server.Main.main(Main.java:160) ~[server-intermediary.jar:?]
	at net.fabricmc.loader.impl.game.minecraft.MinecraftGameProvider.launch(MinecraftGameProvider.java:480) ~[fabric-loader-0.16.14.jar:?]
	at net.fabricmc.loader.impl.launch.knot.Knot.launch(Knot.java:74) ~[fabric-loader-0.16.14.jar:?]
	at net.fabricmc.loader.impl.launch.knot.KnotServer.main(KnotServer.java:23) ~[fabric-loader-0.16.14.jar:?]
	at net.fabricmc.loader.impl.launch.server.FabricServerLauncher.main(FabricServerLauncher.java:69) ~[fabric-loader-0.16.14.jar:?]
	at net.fabricmc.installer.ServerLauncher.main(ServerLauncher.java:69) ~[server.jar:1.0.3]
[15:10:54] [main/ERROR]: Parsing error loading recipe alienevo:module_dye/dye_green_module
com.google.gson.JsonSyntaxException: Unknown item 'alienevo:color_module_light_blue'
	at net.minecraft.class_1869.method_17878(class_1869.java:272) ~[server-intermediary.jar:?]
	at java.util.Optional.orElseThrow(Optional.java:403) ~[?:?]
	at net.minecraft.class_1869.method_8155(class_1869.java:272) ~[server-intermediary.jar:?]
	at net.minecraft.class_1856.method_8107(class_1856.java:160) ~[server-intermediary.jar:?]
	at net.minecraft.class_1856.method_8090(class_1856.java:149) ~[server-intermediary.jar:?]
	at java.util.stream.ReferencePipeline$3$1.accept(ReferencePipeline.java:197) ~[?:?]
	at java.util.ArrayList$Itr.forEachRemaining(ArrayList.java:1085) ~[?:?]
	at java.util.Spliterators$IteratorSpliterator.forEachRemaining(Spliterators.java:1939) ~[?:?]
	at java.util.stream.AbstractPipeline.copyInto(AbstractPipeline.java:509) ~[?:?]
	at java.util.stream.AbstractPipeline.wrapAndCopyInto(AbstractPipeline.java:499) ~[?:?]
	at java.util.stream.AbstractPipeline.evaluate(AbstractPipeline.java:575) ~[?:?]
	at java.util.stream.AbstractPipeline.evaluateToArrayNode(AbstractPipeline.java:260) ~[?:?]
	at java.util.stream.ReferencePipeline.toArray(ReferencePipeline.java:616) ~[?:?]
	at net.minecraft.class_1856.<init>(class_1856.java:43) ~[server-intermediary.jar:?]
	at net.minecraft.class_1856.method_8092(class_1856.java:105) ~[server-intermediary.jar:?]
	at net.minecraft.class_1856.method_8102(class_1856.java:149) ~[server-intermediary.jar:?]
	at net.minecraft.class_1867$class_1868.method_8144(class_1867.java:107) ~[server-intermediary.jar:?]
	at net.minecraft.class_1867$class_1868.method_8142(class_1867.java:92) ~[server-intermediary.jar:?]
	at net.minecraft.class_1867$class_1868.method_8121(class_1867.java:87) ~[server-intermediary.jar:?]
	at net.minecraft.class_1863.method_17720(class_1863.java:135) ~[server-intermediary.jar:?]
	at net.minecraft.class_1863.method_20705(class_1863.java:56) ~[server-intermediary.jar:?]
	at net.minecraft.class_1863.method_18788(class_1863.java:35) ~[server-intermediary.jar:?]
	at net.minecraft.class_4080.method_18790(class_4080.java:13) ~[server-intermediary.jar:?]
	at java.util.concurrent.CompletableFuture$UniAccept.tryFire(CompletableFuture.java:718) ~[?:?]
	at java.util.concurrent.CompletableFuture$Completion.run(CompletableFuture.java:482) ~[?:?]
	at net.minecraft.class_4014.method_18365(class_4014.java:69) ~[server-intermediary.jar:?]
	at net.minecraft.class_156.method_43498(class_156.java:950) ~[server-intermediary.jar:?]
	at net.minecraft.class_156.method_43499(class_156.java:938) ~[server-intermediary.jar:?]
	at net.minecraft.server.Main.main(Main.java:160) ~[server-intermediary.jar:?]
	at net.fabricmc.loader.impl.game.minecraft.MinecraftGameProvider.launch(MinecraftGameProvider.java:480) ~[fabric-loader-0.16.14.jar:?]
	at net.fabricmc.loader.impl.launch.knot.Knot.launch(Knot.java:74) ~[fabric-loader-0.16.14.jar:?]
	at net.fabricmc.loader.impl.launch.knot.KnotServer.main(KnotServer.java:23) ~[fabric-loader-0.16.14.jar:?]
	at net.fabricmc.loader.impl.launch.server.FabricServerLauncher.main(FabricServerLauncher.java:69) ~[fabric-loader-0.16.14.jar:?]
	at net.fabricmc.installer.ServerLauncher.main(ServerLauncher.java:69) ~[server.jar:1.0.3]
[15:10:54] [main/ERROR]: Parsing error loading recipe alienevo:base_module
com.google.gson.JsonSyntaxException: Unknown item 'alienevo:base_form_module'
	at net.minecraft.class_1869.method_17878(class_1869.java:272) ~[server-intermediary.jar:?]
	at java.util.Optional.orElseThrow(Optional.java:403) ~[?:?]
	at net.minecraft.class_1869.method_8155(class_1869.java:272) ~[server-intermediary.jar:?]
	at net.minecraft.class_1869.method_35228(class_1869.java:259) ~[server-intermediary.jar:?]
	at net.minecraft.class_1869$class_1870.method_8164(class_1869.java:293) ~[server-intermediary.jar:?]
	at net.minecraft.class_1869$class_1870.method_8121(class_1869.java:279) ~[server-intermediary.jar:?]
	at net.minecraft.class_1863.method_17720(class_1863.java:135) ~[server-intermediary.jar:?]
	at net.minecraft.class_1863.method_20705(class_1863.java:56) ~[server-intermediary.jar:?]
	at net.minecraft.class_1863.method_18788(class_1863.java:35) ~[server-intermediary.jar:?]
	at net.minecraft.class_4080.method_18790(class_4080.java:13) ~[server-intermediary.jar:?]
	at java.util.concurrent.CompletableFuture$UniAccept.tryFire(CompletableFuture.java:718) ~[?:?]
	at java.util.concurrent.CompletableFuture$Completion.run(CompletableFuture.java:482) ~[?:?]
	at net.minecraft.class_4014.method_18365(class_4014.java:69) ~[server-intermediary.jar:?]
	at net.minecraft.class_156.method_43498(class_156.java:950) ~[server-intermediary.jar:?]
	at net.minecraft.class_156.method_43499(class_156.java:938) ~[server-intermediary.jar:?]
	at net.minecraft.server.Main.main(Main.java:160) ~[server-intermediary.jar:?]
	at net.fabricmc.loader.impl.game.minecraft.MinecraftGameProvider.launch(MinecraftGameProvider.java:480) ~[fabric-loader-0.16.14.jar:?]
	at net.fabricmc.loader.impl.launch.knot.Knot.launch(Knot.java:74) ~[fabric-loader-0.16.14.jar:?]
	at net.fabricmc.loader.impl.launch.knot.KnotServer.main(KnotServer.java:23) ~[fabric-loader-0.16.14.jar:?]
	at net.fabricmc.loader.impl.launch.server.FabricServerLauncher.main(FabricServerLauncher.java:69) ~[fabric-loader-0.16.14.jar:?]
	at net.fabricmc.installer.ServerLauncher.main(ServerLauncher.java:69) ~[server.jar:1.0.3]
[15:10:54] [main/ERROR]: Parsing error loading recipe alienevo:decouple_module
com.google.gson.JsonSyntaxException: Unknown item 'alienevo:decouple_module'
	at net.minecraft.class_1869.method_17878(class_1869.java:272) ~[server-intermediary.jar:?]
	at java.util.Optional.orElseThrow(Optional.java:403) ~[?:?]
	at net.minecraft.class_1869.method_8155(class_1869.java:272) ~[server-intermediary.jar:?]
	at net.minecraft.class_1869.method_35228(class_1869.java:259) ~[server-intermediary.jar:?]
	at net.minecraft.class_1869$class_1870.method_8164(class_1869.java:293) ~[server-intermediary.jar:?]
	at net.minecraft.class_1869$class_1870.method_8121(class_1869.java:279) ~[server-intermediary.jar:?]
	at net.minecraft.class_1863.method_17720(class_1863.java:135) ~[server-intermediary.jar:?]
	at net.minecraft.class_1863.method_20705(class_1863.java:56) ~[server-intermediary.jar:?]
	at net.minecraft.class_1863.method_18788(class_1863.java:35) ~[server-intermediary.jar:?]
	at net.minecraft.class_4080.method_18790(class_4080.java:13) ~[server-intermediary.jar:?]
	at java.util.concurrent.CompletableFuture$UniAccept.tryFire(CompletableFuture.java:718) ~[?:?]
	at java.util.concurrent.CompletableFuture$Completion.run(CompletableFuture.java:482) ~[?:?]
	at net.minecraft.class_4014.method_18365(class_4014.java:69) ~[server-intermediary.jar:?]
	at net.minecraft.class_156.method_43498(class_156.java:950) ~[server-intermediary.jar:?]
	at net.minecraft.class_156.method_43499(class_156.java:938) ~[server-intermediary.jar:?]
	at net.minecraft.server.Main.main(Main.java:160) ~[server-intermediary.jar:?]
	at net.fabricmc.loader.impl.game.minecraft.MinecraftGameProvider.launch(MinecraftGameProvider.java:480) ~[fabric-loader-0.16.14.jar:?]
	at net.fabricmc.loader.impl.launch.knot.Knot.launch(Knot.java:74) ~[fabric-loader-0.16.14.jar:?]
	at net.fabricmc.loader.impl.launch.knot.KnotServer.main(KnotServer.java:23) ~[fabric-loader-0.16.14.jar:?]
	at net.fabricmc.loader.impl.launch.server.FabricServerLauncher.main(FabricServerLauncher.java:69) ~[fabric-loader-0.16.14.jar:?]
	at net.fabricmc.installer.ServerLauncher.main(ServerLauncher.java:69) ~[server.jar:1.0.3]
[15:10:54] [main/ERROR]: Parsing error loading recipe alienevo:module_dye/dye_light_gray_module
com.google.gson.JsonSyntaxException: Unknown item 'alienevo:color_module_light_blue'
	at net.minecraft.class_1869.method_17878(class_1869.java:272) ~[server-intermediary.jar:?]
	at java.util.Optional.orElseThrow(Optional.java:403) ~[?:?]
	at net.minecraft.class_1869.method_8155(class_1869.java:272) ~[server-intermediary.jar:?]
	at net.minecraft.class_1856.method_8107(class_1856.java:160) ~[server-intermediary.jar:?]
	at net.minecraft.class_1856.method_8090(class_1856.java:149) ~[server-intermediary.jar:?]
	at java.util.stream.ReferencePipeline$3$1.accept(ReferencePipeline.java:197) ~[?:?]
	at java.util.ArrayList$Itr.forEachRemaining(ArrayList.java:1085) ~[?:?]
	at java.util.Spliterators$IteratorSpliterator.forEachRemaining(Spliterators.java:1939) ~[?:?]
	at java.util.stream.AbstractPipeline.copyInto(AbstractPipeline.java:509) ~[?:?]
	at java.util.stream.AbstractPipeline.wrapAndCopyInto(AbstractPipeline.java:499) ~[?:?]
	at java.util.stream.AbstractPipeline.evaluate(AbstractPipeline.java:575) ~[?:?]
	at java.util.stream.AbstractPipeline.evaluateToArrayNode(AbstractPipeline.java:260) ~[?:?]
	at java.util.stream.ReferencePipeline.toArray(ReferencePipeline.java:616) ~[?:?]
	at net.minecraft.class_1856.<init>(class_1856.java:43) ~[server-intermediary.jar:?]
	at net.minecraft.class_1856.method_8092(class_1856.java:105) ~[server-intermediary.jar:?]
	at net.minecraft.class_1856.method_8102(class_1856.java:149) ~[server-intermediary.jar:?]
	at net.minecraft.class_1867$class_1868.method_8144(class_1867.java:107) ~[server-intermediary.jar:?]
	at net.minecraft.class_1867$class_1868.method_8142(class_1867.java:92) ~[server-intermediary.jar:?]
	at net.minecraft.class_1867$class_1868.method_8121(class_1867.java:87) ~[server-intermediary.jar:?]
	at net.minecraft.class_1863.method_17720(class_1863.java:135) ~[server-intermediary.jar:?]
	at net.minecraft.class_1863.method_20705(class_1863.java:56) ~[server-intermediary.jar:?]
	at net.minecraft.class_1863.method_18788(class_1863.java:35) ~[server-intermediary.jar:?]
	at net.minecraft.class_4080.method_18790(class_4080.java:13) ~[server-intermediary.jar:?]
	at java.util.concurrent.CompletableFuture$UniAccept.tryFire(CompletableFuture.java:718) ~[?:?]
	at java.util.concurrent.CompletableFuture$Completion.run(CompletableFuture.java:482) ~[?:?]
	at net.minecraft.class_4014.method_18365(class_4014.java:69) ~[server-intermediary.jar:?]
	at net.minecraft.class_156.method_43498(class_156.java:950) ~[server-intermediary.jar:?]
	at net.minecraft.class_156.method_43499(class_156.java:938) ~[server-intermediary.jar:?]
	at net.minecraft.server.Main.main(Main.java:160) ~[server-intermediary.jar:?]
	at net.fabricmc.loader.impl.game.minecraft.MinecraftGameProvider.launch(MinecraftGameProvider.java:480) ~[fabric-loader-0.16.14.jar:?]
	at net.fabricmc.loader.impl.launch.knot.Knot.launch(Knot.java:74) ~[fabric-loader-0.16.14.jar:?]
	at net.fabricmc.loader.impl.launch.knot.KnotServer.main(KnotServer.java:23) ~[fabric-loader-0.16.14.jar:?]
	at net.fabricmc.loader.impl.launch.server.FabricServerLauncher.main(FabricServerLauncher.java:69) ~[fabric-loader-0.16.14.jar:?]
	at net.fabricmc.installer.ServerLauncher.main(ServerLauncher.java:69) ~[server.jar:1.0.3]
[15:10:54] [main/ERROR]: Parsing error loading recipe alienevo:module_dye/dye_yellow_module
com.google.gson.JsonSyntaxException: Unknown item 'alienevo:color_module_light_blue'
	at net.minecraft.class_1869.method_17878(class_1869.java:272) ~[server-intermediary.jar:?]
	at java.util.Optional.orElseThrow(Optional.java:403) ~[?:?]
	at net.minecraft.class_1869.method_8155(class_1869.java:272) ~[server-intermediary.jar:?]
	at net.minecraft.class_1856.method_8107(class_1856.java:160) ~[server-intermediary.jar:?]
	at net.minecraft.class_1856.method_8090(class_1856.java:149) ~[server-intermediary.jar:?]
	at java.util.stream.ReferencePipeline$3$1.accept(ReferencePipeline.java:197) ~[?:?]
	at java.util.ArrayList$Itr.forEachRemaining(ArrayList.java:1085) ~[?:?]
	at java.util.Spliterators$IteratorSpliterator.forEachRemaining(Spliterators.java:1939) ~[?:?]
	at java.util.stream.AbstractPipeline.copyInto(AbstractPipeline.java:509) ~[?:?]
	at java.util.stream.AbstractPipeline.wrapAndCopyInto(AbstractPipeline.java:499) ~[?:?]
	at java.util.stream.AbstractPipeline.evaluate(AbstractPipeline.java:575) ~[?:?]
	at java.util.stream.AbstractPipeline.evaluateToArrayNode(AbstractPipeline.java:260) ~[?:?]
	at java.util.stream.ReferencePipeline.toArray(ReferencePipeline.java:616) ~[?:?]
	at net.minecraft.class_1856.<init>(class_1856.java:43) ~[server-intermediary.jar:?]
	at net.minecraft.class_1856.method_8092(class_1856.java:105) ~[server-intermediary.jar:?]
	at net.minecraft.class_1856.method_8102(class_1856.java:149) ~[server-intermediary.jar:?]
	at net.minecraft.class_1867$class_1868.method_8144(class_1867.java:107) ~[server-intermediary.jar:?]
	at net.minecraft.class_1867$class_1868.method_8142(class_1867.java:92) ~[server-intermediary.jar:?]
	at net.minecraft.class_1867$class_1868.method_8121(class_1867.java:87) ~[server-intermediary.jar:?]
	at net.minecraft.class_1863.method_17720(class_1863.java:135) ~[server-intermediary.jar:?]
	at net.minecraft.class_1863.method_20705(class_1863.java:56) ~[server-intermediary.jar:?]
	at net.minecraft.class_1863.method_18788(class_1863.java:35) ~[server-intermediary.jar:?]
	at net.minecraft.class_4080.method_18790(class_4080.java:13) ~[server-intermediary.jar:?]
	at java.util.concurrent.CompletableFuture$UniAccept.tryFire(CompletableFuture.java:718) ~[?:?]
	at java.util.concurrent.CompletableFuture$Completion.run(CompletableFuture.java:482) ~[?:?]
	at net.minecraft.class_4014.method_18365(class_4014.java:69) ~[server-intermediary.jar:?]
	at net.minecraft.class_156.method_43498(class_156.java:950) ~[server-intermediary.jar:?]
	at net.minecraft.class_156.method_43499(class_156.java:938) ~[server-intermediary.jar:?]
	at net.minecraft.server.Main.main(Main.java:160) ~[server-intermediary.jar:?]
	at net.fabricmc.loader.impl.game.minecraft.MinecraftGameProvider.launch(MinecraftGameProvider.java:480) ~[fabric-loader-0.16.14.jar:?]
	at net.fabricmc.loader.impl.launch.knot.Knot.launch(Knot.java:74) ~[fabric-loader-0.16.14.jar:?]
	at net.fabricmc.loader.impl.launch.knot.KnotServer.main(KnotServer.java:23) ~[fabric-loader-0.16.14.jar:?]
	at net.fabricmc.loader.impl.launch.server.FabricServerLauncher.main(FabricServerLauncher.java:69) ~[fabric-loader-0.16.14.jar:?]
	at net.fabricmc.installer.ServerLauncher.main(ServerLauncher.java:69) ~[server.jar:1.0.3]
[15:10:54] [main/ERROR]: Parsing error loading recipe alienevo:module_dye/dye_brown_module
com.google.gson.JsonSyntaxException: Unknown item 'alienevo:color_module_light_blue'
	at net.minecraft.class_1869.method_17878(class_1869.java:272) ~[server-intermediary.jar:?]
	at java.util.Optional.orElseThrow(Optional.java:403) ~[?:?]
	at net.minecraft.class_1869.method_8155(class_1869.java:272) ~[server-intermediary.jar:?]
	at net.minecraft.class_1856.method_8107(class_1856.java:160) ~[server-intermediary.jar:?]
	at net.minecraft.class_1856.method_8090(class_1856.java:149) ~[server-intermediary.jar:?]
	at java.util.stream.ReferencePipeline$3$1.accept(ReferencePipeline.java:197) ~[?:?]
	at java.util.ArrayList$Itr.forEachRemaining(ArrayList.java:1085) ~[?:?]
	at java.util.Spliterators$IteratorSpliterator.forEachRemaining(Spliterators.java:1939) ~[?:?]
	at java.util.stream.AbstractPipeline.copyInto(AbstractPipeline.java:509) ~[?:?]
	at java.util.stream.AbstractPipeline.wrapAndCopyInto(AbstractPipeline.java:499) ~[?:?]
	at java.util.stream.AbstractPipeline.evaluate(AbstractPipeline.java:575) ~[?:?]
	at java.util.stream.AbstractPipeline.evaluateToArrayNode(AbstractPipeline.java:260) ~[?:?]
	at java.util.stream.ReferencePipeline.toArray(ReferencePipeline.java:616) ~[?:?]
	at net.minecraft.class_1856.<init>(class_1856.java:43) ~[server-intermediary.jar:?]
	at net.minecraft.class_1856.method_8092(class_1856.java:105) ~[server-intermediary.jar:?]
	at net.minecraft.class_1856.method_8102(class_1856.java:149) ~[server-intermediary.jar:?]
	at net.minecraft.class_1867$class_1868.method_8144(class_1867.java:107) ~[server-intermediary.jar:?]
	at net.minecraft.class_1867$class_1868.method_8142(class_1867.java:92) ~[server-intermediary.jar:?]
	at net.minecraft.class_1867$class_1868.method_8121(class_1867.java:87) ~[server-intermediary.jar:?]
	at net.minecraft.class_1863.method_17720(class_1863.java:135) ~[server-intermediary.jar:?]
	at net.minecraft.class_1863.method_20705(class_1863.java:56) ~[server-intermediary.jar:?]
	at net.minecraft.class_1863.method_18788(class_1863.java:35) ~[server-intermediary.jar:?]
	at net.minecraft.class_4080.method_18790(class_4080.java:13) ~[server-intermediary.jar:?]
	at java.util.concurrent.CompletableFuture$UniAccept.tryFire(CompletableFuture.java:718) ~[?:?]
	at java.util.concurrent.CompletableFuture$Completion.run(CompletableFuture.java:482) ~[?:?]
	at net.minecraft.class_4014.method_18365(class_4014.java:69) ~[server-intermediary.jar:?]
	at net.minecraft.class_156.method_43498(class_156.java:950) ~[server-intermediary.jar:?]
	at net.minecraft.class_156.method_43499(class_156.java:938) ~[server-intermediary.jar:?]
	at net.minecraft.server.Main.main(Main.java:160) ~[server-intermediary.jar:?]
	at net.fabricmc.loader.impl.game.minecraft.MinecraftGameProvider.launch(MinecraftGameProvider.java:480) ~[fabric-loader-0.16.14.jar:?]
	at net.fabricmc.loader.impl.launch.knot.Knot.launch(Knot.java:74) ~[fabric-loader-0.16.14.jar:?]
	at net.fabricmc.loader.impl.launch.knot.KnotServer.main(KnotServer.java:23) ~[fabric-loader-0.16.14.jar:?]
	at net.fabricmc.loader.impl.launch.server.FabricServerLauncher.main(FabricServerLauncher.java:69) ~[fabric-loader-0.16.14.jar:?]
	at net.fabricmc.installer.ServerLauncher.main(ServerLauncher.java:69) ~[server.jar:1.0.3]
[15:10:54] [main/ERROR]: Parsing error loading recipe alienevo:module_dye/dye_light_blue_module
com.google.gson.JsonSyntaxException: Unknown item 'alienevo:color_module_light_blue'
	at net.minecraft.class_1869.method_17878(class_1869.java:272) ~[server-intermediary.jar:?]
	at java.util.Optional.orElseThrow(Optional.java:403) ~[?:?]
	at net.minecraft.class_1869.method_8155(class_1869.java:272) ~[server-intermediary.jar:?]
	at net.minecraft.class_1856.method_8107(class_1856.java:160) ~[server-intermediary.jar:?]
	at net.minecraft.class_1856.method_8090(class_1856.java:149) ~[server-intermediary.jar:?]
	at java.util.stream.ReferencePipeline$3$1.accept(ReferencePipeline.java:197) ~[?:?]
	at java.util.ArrayList$Itr.forEachRemaining(ArrayList.java:1085) ~[?:?]
	at java.util.Spliterators$IteratorSpliterator.forEachRemaining(Spliterators.java:1939) ~[?:?]
	at java.util.stream.AbstractPipeline.copyInto(AbstractPipeline.java:509) ~[?:?]
	at java.util.stream.AbstractPipeline.wrapAndCopyInto(AbstractPipeline.java:499) ~[?:?]
	at java.util.stream.AbstractPipeline.evaluate(AbstractPipeline.java:575) ~[?:?]
	at java.util.stream.AbstractPipeline.evaluateToArrayNode(AbstractPipeline.java:260) ~[?:?]
	at java.util.stream.ReferencePipeline.toArray(ReferencePipeline.java:616) ~[?:?]
	at net.minecraft.class_1856.<init>(class_1856.java:43) ~[server-intermediary.jar:?]
	at net.minecraft.class_1856.method_8092(class_1856.java:105) ~[server-intermediary.jar:?]
	at net.minecraft.class_1856.method_8102(class_1856.java:149) ~[server-intermediary.jar:?]
	at net.minecraft.class_1867$class_1868.method_8144(class_1867.java:107) ~[server-intermediary.jar:?]
	at net.minecraft.class_1867$class_1868.method_8142(class_1867.java:92) ~[server-intermediary.jar:?]
	at net.minecraft.class_1867$class_1868.method_8121(class_1867.java:87) ~[server-intermediary.jar:?]
	at net.minecraft.class_1863.method_17720(class_1863.java:135) ~[server-intermediary.jar:?]
	at net.minecraft.class_1863.method_20705(class_1863.java:56) ~[server-intermediary.jar:?]
	at net.minecraft.class_1863.method_18788(class_1863.java:35) ~[server-intermediary.jar:?]
	at net.minecraft.class_4080.method_18790(class_4080.java:13) ~[server-intermediary.jar:?]
	at java.util.concurrent.CompletableFuture$UniAccept.tryFire(CompletableFuture.java:718) ~[?:?]
	at java.util.concurrent.CompletableFuture$Completion.run(CompletableFuture.java:482) ~[?:?]
	at net.minecraft.class_4014.method_18365(class_4014.java:69) ~[server-intermediary.jar:?]
	at net.minecraft.class_156.method_43498(class_156.java:950) ~[server-intermediary.jar:?]
	at net.minecraft.class_156.method_43499(class_156.java:938) ~[server-intermediary.jar:?]
	at net.minecraft.server.Main.main(Main.java:160) ~[server-intermediary.jar:?]
	at net.fabricmc.loader.impl.game.minecraft.MinecraftGameProvider.launch(MinecraftGameProvider.java:480) ~[fabric-loader-0.16.14.jar:?]
	at net.fabricmc.loader.impl.launch.knot.Knot.launch(Knot.java:74) ~[fabric-loader-0.16.14.jar:?]
	at net.fabricmc.loader.impl.launch.knot.KnotServer.main(KnotServer.java:23) ~[fabric-loader-0.16.14.jar:?]
	at net.fabricmc.loader.impl.launch.server.FabricServerLauncher.main(FabricServerLauncher.java:69) ~[fabric-loader-0.16.14.jar:?]
	at net.fabricmc.installer.ServerLauncher.main(ServerLauncher.java:69) ~[server.jar:1.0.3]
[15:10:54] [main/ERROR]: Parsing error loading recipe alienevo:module_dye/dye_purple_module
com.google.gson.JsonSyntaxException: Unknown item 'alienevo:color_module_light_blue'
	at net.minecraft.class_1869.method_17878(class_1869.java:272) ~[server-intermediary.jar:?]
	at java.util.Optional.orElseThrow(Optional.java:403) ~[?:?]
	at net.minecraft.class_1869.method_8155(class_1869.java:272) ~[server-intermediary.jar:?]
	at net.minecraft.class_1856.method_8107(class_1856.java:160) ~[server-intermediary.jar:?]
	at net.minecraft.class_1856.method_8090(class_1856.java:149) ~[server-intermediary.jar:?]
	at java.util.stream.ReferencePipeline$3$1.accept(ReferencePipeline.java:197) ~[?:?]
	at java.util.ArrayList$Itr.forEachRemaining(ArrayList.java:1085) ~[?:?]
	at java.util.Spliterators$IteratorSpliterator.forEachRemaining(Spliterators.java:1939) ~[?:?]
	at java.util.stream.AbstractPipeline.copyInto(AbstractPipeline.java:509) ~[?:?]
	at java.util.stream.AbstractPipeline.wrapAndCopyInto(AbstractPipeline.java:499) ~[?:?]
	at java.util.stream.AbstractPipeline.evaluate(AbstractPipeline.java:575) ~[?:?]
	at java.util.stream.AbstractPipeline.evaluateToArrayNode(AbstractPipeline.java:260) ~[?:?]
	at java.util.stream.ReferencePipeline.toArray(ReferencePipeline.java:616) ~[?:?]
	at net.minecraft.class_1856.<init>(class_1856.java:43) ~[server-intermediary.jar:?]
	at net.minecraft.class_1856.method_8092(class_1856.java:105) ~[server-intermediary.jar:?]
	at net.minecraft.class_1856.method_8102(class_1856.java:149) ~[server-intermediary.jar:?]
	at net.minecraft.class_1867$class_1868.method_8144(class_1867.java:107) ~[server-intermediary.jar:?]
	at net.minecraft.class_1867$class_1868.method_8142(class_1867.java:92) ~[server-intermediary.jar:?]
	at net.minecraft.class_1867$class_1868.method_8121(class_1867.java:87) ~[server-intermediary.jar:?]
	at net.minecraft.class_1863.method_17720(class_1863.java:135) ~[server-intermediary.jar:?]
	at net.minecraft.class_1863.method_20705(class_1863.java:56) ~[server-intermediary.jar:?]
	at net.minecraft.class_1863.method_18788(class_1863.java:35) ~[server-intermediary.jar:?]
	at net.minecraft.class_4080.method_18790(class_4080.java:13) ~[server-intermediary.jar:?]
	at java.util.concurrent.CompletableFuture$UniAccept.tryFire(CompletableFuture.java:718) ~[?:?]
	at java.util.concurrent.CompletableFuture$Completion.run(CompletableFuture.java:482) ~[?:?]
	at net.minecraft.class_4014.method_18365(class_4014.java:69) ~[server-intermediary.jar:?]
	at net.minecraft.class_156.method_43498(class_156.java:950) ~[server-intermediary.jar:?]
	at net.minecraft.class_156.method_43499(class_156.java:938) ~[server-intermediary.jar:?]
	at net.minecraft.server.Main.main(Main.java:160) ~[server-intermediary.jar:?]
	at net.fabricmc.loader.impl.game.minecraft.MinecraftGameProvider.launch(MinecraftGameProvider.java:480) ~[fabric-loader-0.16.14.jar:?]
	at net.fabricmc.loader.impl.launch.knot.Knot.launch(Knot.java:74) ~[fabric-loader-0.16.14.jar:?]
	at net.fabricmc.loader.impl.launch.knot.KnotServer.main(KnotServer.java:23) ~[fabric-loader-0.16.14.jar:?]
	at net.fabricmc.loader.impl.launch.server.FabricServerLauncher.main(FabricServerLauncher.java:69) ~[fabric-loader-0.16.14.jar:?]
	at net.fabricmc.installer.ServerLauncher.main(ServerLauncher.java:69) ~[server.jar:1.0.3]
[15:10:54] [main/ERROR]: Parsing error loading recipe alienevo:module_dye/dye_cyan_module
com.google.gson.JsonSyntaxException: Unknown item 'alienevo:color_module_light_blue'
	at net.minecraft.class_1869.method_17878(class_1869.java:272) ~[server-intermediary.jar:?]
	at java.util.Optional.orElseThrow(Optional.java:403) ~[?:?]
	at net.minecraft.class_1869.method_8155(class_1869.java:272) ~[server-intermediary.jar:?]
	at net.minecraft.class_1856.method_8107(class_1856.java:160) ~[server-intermediary.jar:?]
	at net.minecraft.class_1856.method_8090(class_1856.java:149) ~[server-intermediary.jar:?]
	at java.util.stream.ReferencePipeline$3$1.accept(ReferencePipeline.java:197) ~[?:?]
	at java.util.ArrayList$Itr.forEachRemaining(ArrayList.java:1085) ~[?:?]
	at java.util.Spliterators$IteratorSpliterator.forEachRemaining(Spliterators.java:1939) ~[?:?]
	at java.util.stream.AbstractPipeline.copyInto(AbstractPipeline.java:509) ~[?:?]
	at java.util.stream.AbstractPipeline.wrapAndCopyInto(AbstractPipeline.java:499) ~[?:?]
	at java.util.stream.AbstractPipeline.evaluate(AbstractPipeline.java:575) ~[?:?]
	at java.util.stream.AbstractPipeline.evaluateToArrayNode(AbstractPipeline.java:260) ~[?:?]
	at java.util.stream.ReferencePipeline.toArray(ReferencePipeline.java:616) ~[?:?]
	at net.minecraft.class_1856.<init>(class_1856.java:43) ~[server-intermediary.jar:?]
	at net.minecraft.class_1856.method_8092(class_1856.java:105) ~[server-intermediary.jar:?]
	at net.minecraft.class_1856.method_8102(class_1856.java:149) ~[server-intermediary.jar:?]
	at net.minecraft.class_1867$class_1868.method_8144(class_1867.java:107) ~[server-intermediary.jar:?]
	at net.minecraft.class_1867$class_1868.method_8142(class_1867.java:92) ~[server-intermediary.jar:?]
	at net.minecraft.class_1867$class_1868.method_8121(class_1867.java:87) ~[server-intermediary.jar:?]
	at net.minecraft.class_1863.method_17720(class_1863.java:135) ~[server-intermediary.jar:?]
	at net.minecraft.class_1863.method_20705(class_1863.java:56) ~[server-intermediary.jar:?]
	at net.minecraft.class_1863.method_18788(class_1863.java:35) ~[server-intermediary.jar:?]
	at net.minecraft.class_4080.method_18790(class_4080.java:13) ~[server-intermediary.jar:?]
	at java.util.concurrent.CompletableFuture$UniAccept.tryFire(CompletableFuture.java:718) ~[?:?]
	at java.util.concurrent.CompletableFuture$Completion.run(CompletableFuture.java:482) ~[?:?]
	at net.minecraft.class_4014.method_18365(class_4014.java:69) ~[server-intermediary.jar:?]
	at net.minecraft.class_156.method_43498(class_156.java:950) ~[server-intermediary.jar:?]
	at net.minecraft.class_156.method_43499(class_156.java:938) ~[server-intermediary.jar:?]
	at net.minecraft.server.Main.main(Main.java:160) ~[server-intermediary.jar:?]
	at net.fabricmc.loader.impl.game.minecraft.MinecraftGameProvider.launch(MinecraftGameProvider.java:480) ~[fabric-loader-0.16.14.jar:?]
	at net.fabricmc.loader.impl.launch.knot.Knot.launch(Knot.java:74) ~[fabric-loader-0.16.14.jar:?]
	at net.fabricmc.loader.impl.launch.knot.KnotServer.main(KnotServer.java:23) ~[fabric-loader-0.16.14.jar:?]
	at net.fabricmc.loader.impl.launch.server.FabricServerLauncher.main(FabricServerLauncher.java:69) ~[fabric-loader-0.16.14.jar:?]
	at net.fabricmc.installer.ServerLauncher.main(ServerLauncher.java:69) ~[server.jar:1.0.3]
[15:10:54] [main/ERROR]: Parsing error loading recipe alienevo:self_destruct_module
com.google.gson.JsonSyntaxException: Unknown item 'alienevo:self_destruct_module'
	at net.minecraft.class_1869.method_17878(class_1869.java:272) ~[server-intermediary.jar:?]
	at java.util.Optional.orElseThrow(Optional.java:403) ~[?:?]
	at net.minecraft.class_1869.method_8155(class_1869.java:272) ~[server-intermediary.jar:?]
	at net.minecraft.class_1869.method_35228(class_1869.java:259) ~[server-intermediary.jar:?]
	at net.minecraft.class_1869$class_1870.method_8164(class_1869.java:293) ~[server-intermediary.jar:?]
	at net.minecraft.class_1869$class_1870.method_8121(class_1869.java:279) ~[server-intermediary.jar:?]
	at net.minecraft.class_1863.method_17720(class_1863.java:135) ~[server-intermediary.jar:?]
	at net.minecraft.class_1863.method_20705(class_1863.java:56) ~[server-intermediary.jar:?]
	at net.minecraft.class_1863.method_18788(class_1863.java:35) ~[server-intermediary.jar:?]
	at net.minecraft.class_4080.method_18790(class_4080.java:13) ~[server-intermediary.jar:?]
	at java.util.concurrent.CompletableFuture$UniAccept.tryFire(CompletableFuture.java:718) ~[?:?]
	at java.util.concurrent.CompletableFuture$Completion.run(CompletableFuture.java:482) ~[?:?]
	at net.minecraft.class_4014.method_18365(class_4014.java:69) ~[server-intermediary.jar:?]
	at net.minecraft.class_156.method_43498(class_156.java:950) ~[server-intermediary.jar:?]
	at net.minecraft.class_156.method_43499(class_156.java:938) ~[server-intermediary.jar:?]
	at net.minecraft.server.Main.main(Main.java:160) ~[server-intermediary.jar:?]
	at net.fabricmc.loader.impl.game.minecraft.MinecraftGameProvider.launch(MinecraftGameProvider.java:480) ~[fabric-loader-0.16.14.jar:?]
	at net.fabricmc.loader.impl.launch.knot.Knot.launch(Knot.java:74) ~[fabric-loader-0.16.14.jar:?]
	at net.fabricmc.loader.impl.launch.knot.KnotServer.main(KnotServer.java:23) ~[fabric-loader-0.16.14.jar:?]
	at net.fabricmc.loader.impl.launch.server.FabricServerLauncher.main(FabricServerLauncher.java:69) ~[fabric-loader-0.16.14.jar:?]
	at net.fabricmc.installer.ServerLauncher.main(ServerLauncher.java:69) ~[server.jar:1.0.3]
[15:10:54] [main/ERROR]: Parsing error loading recipe alienevo:module_dye/dye_red_module
com.google.gson.JsonSyntaxException: Unknown item 'alienevo:color_module_light_blue'
	at net.minecraft.class_1869.method_17878(class_1869.java:272) ~[server-intermediary.jar:?]
	at java.util.Optional.orElseThrow(Optional.java:403) ~[?:?]
	at net.minecraft.class_1869.method_8155(class_1869.java:272) ~[server-intermediary.jar:?]
	at net.minecraft.class_1856.method_8107(class_1856.java:160) ~[server-intermediary.jar:?]
	at net.minecraft.class_1856.method_8090(class_1856.java:149) ~[server-intermediary.jar:?]
	at java.util.stream.ReferencePipeline$3$1.accept(ReferencePipeline.java:197) ~[?:?]
	at java.util.ArrayList$Itr.forEachRemaining(ArrayList.java:1085) ~[?:?]
	at java.util.Spliterators$IteratorSpliterator.forEachRemaining(Spliterators.java:1939) ~[?:?]
	at java.util.stream.AbstractPipeline.copyInto(AbstractPipeline.java:509) ~[?:?]
	at java.util.stream.AbstractPipeline.wrapAndCopyInto(AbstractPipeline.java:499) ~[?:?]
	at java.util.stream.AbstractPipeline.evaluate(AbstractPipeline.java:575) ~[?:?]
	at java.util.stream.AbstractPipeline.evaluateToArrayNode(AbstractPipeline.java:260) ~[?:?]
	at java.util.stream.ReferencePipeline.toArray(ReferencePipeline.java:616) ~[?:?]
	at net.minecraft.class_1856.<init>(class_1856.java:43) ~[server-intermediary.jar:?]
	at net.minecraft.class_1856.method_8092(class_1856.java:105) ~[server-intermediary.jar:?]
	at net.minecraft.class_1856.method_8102(class_1856.java:149) ~[server-intermediary.jar:?]
	at net.minecraft.class_1867$class_1868.method_8144(class_1867.java:107) ~[server-intermediary.jar:?]
	at net.minecraft.class_1867$class_1868.method_8142(class_1867.java:92) ~[server-intermediary.jar:?]
	at net.minecraft.class_1867$class_1868.method_8121(class_1867.java:87) ~[server-intermediary.jar:?]
	at net.minecraft.class_1863.method_17720(class_1863.java:135) ~[server-intermediary.jar:?]
	at net.minecraft.class_1863.method_20705(class_1863.java:56) ~[server-intermediary.jar:?]
	at net.minecraft.class_1863.method_18788(class_1863.java:35) ~[server-intermediary.jar:?]
	at net.minecraft.class_4080.method_18790(class_4080.java:13) ~[server-intermediary.jar:?]
	at java.util.concurrent.CompletableFuture$UniAccept.tryFire(CompletableFuture.java:718) ~[?:?]
	at java.util.concurrent.CompletableFuture$Completion.run(CompletableFuture.java:482) ~[?:?]
	at net.minecraft.class_4014.method_18365(class_4014.java:69) ~[server-intermediary.jar:?]
	at net.minecraft.class_156.method_43498(class_156.java:950) ~[server-intermediary.jar:?]
	at net.minecraft.class_156.method_43499(class_156.java:938) ~[server-intermediary.jar:?]
	at net.minecraft.server.Main.main(Main.java:160) ~[server-intermediary.jar:?]
	at net.fabricmc.loader.impl.game.minecraft.MinecraftGameProvider.launch(MinecraftGameProvider.java:480) ~[fabric-loader-0.16.14.jar:?]
	at net.fabricmc.loader.impl.launch.knot.Knot.launch(Knot.java:74) ~[fabric-loader-0.16.14.jar:?]
	at net.fabricmc.loader.impl.launch.knot.KnotServer.main(KnotServer.java:23) ~[fabric-loader-0.16.14.jar:?]
	at net.fabricmc.loader.impl.launch.server.FabricServerLauncher.main(FabricServerLauncher.java:69) ~[fabric-loader-0.16.14.jar:?]
	at net.fabricmc.installer.ServerLauncher.main(ServerLauncher.java:69) ~[server.jar:1.0.3]
[15:10:54] [main/ERROR]: Parsing error loading recipe alienevo:module_dye/dye_lime_module
com.google.gson.JsonSyntaxException: Unknown item 'alienevo:color_module_light_blue'
	at net.minecraft.class_1869.method_17878(class_1869.java:272) ~[server-intermediary.jar:?]
	at java.util.Optional.orElseThrow(Optional.java:403) ~[?:?]
	at net.minecraft.class_1869.method_8155(class_1869.java:272) ~[server-intermediary.jar:?]
	at net.minecraft.class_1856.method_8107(class_1856.java:160) ~[server-intermediary.jar:?]
	at net.minecraft.class_1856.method_8090(class_1856.java:149) ~[server-intermediary.jar:?]
	at java.util.stream.ReferencePipeline$3$1.accept(ReferencePipeline.java:197) ~[?:?]
	at java.util.ArrayList$Itr.forEachRemaining(ArrayList.java:1085) ~[?:?]
	at java.util.Spliterators$IteratorSpliterator.forEachRemaining(Spliterators.java:1939) ~[?:?]
	at java.util.stream.AbstractPipeline.copyInto(AbstractPipeline.java:509) ~[?:?]
	at java.util.stream.AbstractPipeline.wrapAndCopyInto(AbstractPipeline.java:499) ~[?:?]
	at java.util.stream.AbstractPipeline.evaluate(AbstractPipeline.java:575) ~[?:?]
	at java.util.stream.AbstractPipeline.evaluateToArrayNode(AbstractPipeline.java:260) ~[?:?]
	at java.util.stream.ReferencePipeline.toArray(ReferencePipeline.java:616) ~[?:?]
	at net.minecraft.class_1856.<init>(class_1856.java:43) ~[server-intermediary.jar:?]
	at net.minecraft.class_1856.method_8092(class_1856.java:105) ~[server-intermediary.jar:?]
	at net.minecraft.class_1856.method_8102(class_1856.java:149) ~[server-intermediary.jar:?]
	at net.minecraft.class_1867$class_1868.method_8144(class_1867.java:107) ~[server-intermediary.jar:?]
	at net.minecraft.class_1867$class_1868.method_8142(class_1867.java:92) ~[server-intermediary.jar:?]
	at net.minecraft.class_1867$class_1868.method_8121(class_1867.java:87) ~[server-intermediary.jar:?]
	at net.minecraft.class_1863.method_17720(class_1863.java:135) ~[server-intermediary.jar:?]
	at net.minecraft.class_1863.method_20705(class_1863.java:56) ~[server-intermediary.jar:?]
	at net.minecraft.class_1863.method_18788(class_1863.java:35) ~[server-intermediary.jar:?]
	at net.minecraft.class_4080.method_18790(class_4080.java:13) ~[server-intermediary.jar:?]
	at java.util.concurrent.CompletableFuture$UniAccept.tryFire(CompletableFuture.java:718) ~[?:?]
	at java.util.concurrent.CompletableFuture$Completion.run(CompletableFuture.java:482) ~[?:?]
	at net.minecraft.class_4014.method_18365(class_4014.java:69) ~[server-intermediary.jar:?]
	at net.minecraft.class_156.method_43498(class_156.java:950) ~[server-intermediary.jar:?]
	at net.minecraft.class_156.method_43499(class_156.java:938) ~[server-intermediary.jar:?]
	at net.minecraft.server.Main.main(Main.java:160) ~[server-intermediary.jar:?]
	at net.fabricmc.loader.impl.game.minecraft.MinecraftGameProvider.launch(MinecraftGameProvider.java:480) ~[fabric-loader-0.16.14.jar:?]
	at net.fabricmc.loader.impl.launch.knot.Knot.launch(Knot.java:74) ~[fabric-loader-0.16.14.jar:?]
	at net.fabricmc.loader.impl.launch.knot.KnotServer.main(KnotServer.java:23) ~[fabric-loader-0.16.14.jar:?]
	at net.fabricmc.loader.impl.launch.server.FabricServerLauncher.main(FabricServerLauncher.java:69) ~[fabric-loader-0.16.14.jar:?]
	at net.fabricmc.installer.ServerLauncher.main(ServerLauncher.java:69) ~[server.jar:1.0.3]
[15:10:54] [main/ERROR]: Parsing error loading recipe alienevo:mastercontrol_module
com.google.gson.JsonSyntaxException: Unknown item 'alienevo:master_control_module'
	at net.minecraft.class_1869.method_17878(class_1869.java:272) ~[server-intermediary.jar:?]
	at java.util.Optional.orElseThrow(Optional.java:403) ~[?:?]
	at net.minecraft.class_1869.method_8155(class_1869.java:272) ~[server-intermediary.jar:?]
	at net.minecraft.class_1869.method_35228(class_1869.java:259) ~[server-intermediary.jar:?]
	at net.minecraft.class_1869$class_1870.method_8164(class_1869.java:293) ~[server-intermediary.jar:?]
	at net.minecraft.class_1869$class_1870.method_8121(class_1869.java:279) ~[server-intermediary.jar:?]
	at net.minecraft.class_1863.method_17720(class_1863.java:135) ~[server-intermediary.jar:?]
	at net.minecraft.class_1863.method_20705(class_1863.java:56) ~[server-intermediary.jar:?]
	at net.minecraft.class_1863.method_18788(class_1863.java:35) ~[server-intermediary.jar:?]
	at net.minecraft.class_4080.method_18790(class_4080.java:13) ~[server-intermediary.jar:?]
	at java.util.concurrent.CompletableFuture$UniAccept.tryFire(CompletableFuture.java:718) ~[?:?]
	at java.util.concurrent.CompletableFuture$Completion.run(CompletableFuture.java:482) ~[?:?]
	at net.minecraft.class_4014.method_18365(class_4014.java:69) ~[server-intermediary.jar:?]
	at net.minecraft.class_156.method_43498(class_156.java:950) ~[server-intermediary.jar:?]
	at net.minecraft.class_156.method_43499(class_156.java:938) ~[server-intermediary.jar:?]
	at net.minecraft.server.Main.main(Main.java:160) ~[server-intermediary.jar:?]
	at net.fabricmc.loader.impl.game.minecraft.MinecraftGameProvider.launch(MinecraftGameProvider.java:480) ~[fabric-loader-0.16.14.jar:?]
	at net.fabricmc.loader.impl.launch.knot.Knot.launch(Knot.java:74) ~[fabric-loader-0.16.14.jar:?]
	at net.fabricmc.loader.impl.launch.knot.KnotServer.main(KnotServer.java:23) ~[fabric-loader-0.16.14.jar:?]
	at net.fabricmc.loader.impl.launch.server.FabricServerLauncher.main(FabricServerLauncher.java:69) ~[fabric-loader-0.16.14.jar:?]
	at net.fabricmc.installer.ServerLauncher.main(ServerLauncher.java:69) ~[server.jar:1.0.3]
[15:10:54] [main/ERROR]: Parsing error loading recipe alienevo:module_dye/dye_orange_module
com.google.gson.JsonSyntaxException: Unknown item 'alienevo:color_module_light_blue'
	at net.minecraft.class_1869.method_17878(class_1869.java:272) ~[server-intermediary.jar:?]
	at java.util.Optional.orElseThrow(Optional.java:403) ~[?:?]
	at net.minecraft.class_1869.method_8155(class_1869.java:272) ~[server-intermediary.jar:?]
	at net.minecraft.class_1856.method_8107(class_1856.java:160) ~[server-intermediary.jar:?]
	at net.minecraft.class_1856.method_8090(class_1856.java:149) ~[server-intermediary.jar:?]
	at java.util.stream.ReferencePipeline$3$1.accept(ReferencePipeline.java:197) ~[?:?]
	at java.util.ArrayList$Itr.forEachRemaining(ArrayList.java:1085) ~[?:?]
	at java.util.Spliterators$IteratorSpliterator.forEachRemaining(Spliterators.java:1939) ~[?:?]
	at java.util.stream.AbstractPipeline.copyInto(AbstractPipeline.java:509) ~[?:?]
	at java.util.stream.AbstractPipeline.wrapAndCopyInto(AbstractPipeline.java:499) ~[?:?]
	at java.util.stream.AbstractPipeline.evaluate(AbstractPipeline.java:575) ~[?:?]
	at java.util.stream.AbstractPipeline.evaluateToArrayNode(AbstractPipeline.java:260) ~[?:?]
	at java.util.stream.ReferencePipeline.toArray(ReferencePipeline.java:616) ~[?:?]
	at net.minecraft.class_1856.<init>(class_1856.java:43) ~[server-intermediary.jar:?]
	at net.minecraft.class_1856.method_8092(class_1856.java:105) ~[server-intermediary.jar:?]
	at net.minecraft.class_1856.method_8102(class_1856.java:149) ~[server-intermediary.jar:?]
	at net.minecraft.class_1867$class_1868.method_8144(class_1867.java:107) ~[server-intermediary.jar:?]
	at net.minecraft.class_1867$class_1868.method_8142(class_1867.java:92) ~[server-intermediary.jar:?]
	at net.minecraft.class_1867$class_1868.method_8121(class_1867.java:87) ~[server-intermediary.jar:?]
	at net.minecraft.class_1863.method_17720(class_1863.java:135) ~[server-intermediary.jar:?]
	at net.minecraft.class_1863.method_20705(class_1863.java:56) ~[server-intermediary.jar:?]
	at net.minecraft.class_1863.method_18788(class_1863.java:35) ~[server-intermediary.jar:?]
	at net.minecraft.class_4080.method_18790(class_4080.java:13) ~[server-intermediary.jar:?]
	at java.util.concurrent.CompletableFuture$UniAccept.tryFire(CompletableFuture.java:718) ~[?:?]
	at java.util.concurrent.CompletableFuture$Completion.run(CompletableFuture.java:482) ~[?:?]
	at net.minecraft.class_4014.method_18365(class_4014.java:69) ~[server-intermediary.jar:?]
	at net.minecraft.class_156.method_43498(class_156.java:950) ~[server-intermediary.jar:?]
	at net.minecraft.class_156.method_43499(class_156.java:938) ~[server-intermediary.jar:?]
	at net.minecraft.server.Main.main(Main.java:160) ~[server-intermediary.jar:?]
	at net.fabricmc.loader.impl.game.minecraft.MinecraftGameProvider.launch(MinecraftGameProvider.java:480) ~[fabric-loader-0.16.14.jar:?]
	at net.fabricmc.loader.impl.launch.knot.Knot.launch(Knot.java:74) ~[fabric-loader-0.16.14.jar:?]
	at net.fabricmc.loader.impl.launch.knot.KnotServer.main(KnotServer.java:23) ~[fabric-loader-0.16.14.jar:?]
	at net.fabricmc.loader.impl.launch.server.FabricServerLauncher.main(FabricServerLauncher.java:69) ~[fabric-loader-0.16.14.jar:?]
	at net.fabricmc.installer.ServerLauncher.main(ServerLauncher.java:69) ~[server.jar:1.0.3]
[15:10:54] [main/ERROR]: Parsing error loading recipe alienevo:module_dye/dye_pink_module
com.google.gson.JsonSyntaxException: Unknown item 'alienevo:color_module_light_blue'
	at net.minecraft.class_1869.method_17878(class_1869.java:272) ~[server-intermediary.jar:?]
	at java.util.Optional.orElseThrow(Optional.java:403) ~[?:?]
	at net.minecraft.class_1869.method_8155(class_1869.java:272) ~[server-intermediary.jar:?]
	at net.minecraft.class_1856.method_8107(class_1856.java:160) ~[server-intermediary.jar:?]
	at net.minecraft.class_1856.method_8090(class_1856.java:149) ~[server-intermediary.jar:?]
	at java.util.stream.ReferencePipeline$3$1.accept(ReferencePipeline.java:197) ~[?:?]
	at java.util.ArrayList$Itr.forEachRemaining(ArrayList.java:1085) ~[?:?]
	at java.util.Spliterators$IteratorSpliterator.forEachRemaining(Spliterators.java:1939) ~[?:?]
	at java.util.stream.AbstractPipeline.copyInto(AbstractPipeline.java:509) ~[?:?]
	at java.util.stream.AbstractPipeline.wrapAndCopyInto(AbstractPipeline.java:499) ~[?:?]
	at java.util.stream.AbstractPipeline.evaluate(AbstractPipeline.java:575) ~[?:?]
	at java.util.stream.AbstractPipeline.evaluateToArrayNode(AbstractPipeline.java:260) ~[?:?]
	at java.util.stream.ReferencePipeline.toArray(ReferencePipeline.java:616) ~[?:?]
	at net.minecraft.class_1856.<init>(class_1856.java:43) ~[server-intermediary.jar:?]
	at net.minecraft.class_1856.method_8092(class_1856.java:105) ~[server-intermediary.jar:?]
	at net.minecraft.class_1856.method_8102(class_1856.java:149) ~[server-intermediary.jar:?]
	at net.minecraft.class_1867$class_1868.method_8144(class_1867.java:107) ~[server-intermediary.jar:?]
	at net.minecraft.class_1867$class_1868.method_8142(class_1867.java:92) ~[server-intermediary.jar:?]
	at net.minecraft.class_1867$class_1868.method_8121(class_1867.java:87) ~[server-intermediary.jar:?]
	at net.minecraft.class_1863.method_17720(class_1863.java:135) ~[server-intermediary.jar:?]
	at net.minecraft.class_1863.method_20705(class_1863.java:56) ~[server-intermediary.jar:?]
	at net.minecraft.class_1863.method_18788(class_1863.java:35) ~[server-intermediary.jar:?]
	at net.minecraft.class_4080.method_18790(class_4080.java:13) ~[server-intermediary.jar:?]
	at java.util.concurrent.CompletableFuture$UniAccept.tryFire(CompletableFuture.java:718) ~[?:?]
	at java.util.concurrent.CompletableFuture$Completion.run(CompletableFuture.java:482) ~[?:?]
	at net.minecraft.class_4014.method_18365(class_4014.java:69) ~[server-intermediary.jar:?]
	at net.minecraft.class_156.method_43498(class_156.java:950) ~[server-intermediary.jar:?]
	at net.minecraft.class_156.method_43499(class_156.java:938) ~[server-intermediary.jar:?]
	at net.minecraft.server.Main.main(Main.java:160) ~[server-intermediary.jar:?]
	at net.fabricmc.loader.impl.game.minecraft.MinecraftGameProvider.launch(MinecraftGameProvider.java:480) ~[fabric-loader-0.16.14.jar:?]
	at net.fabricmc.loader.impl.launch.knot.Knot.launch(Knot.java:74) ~[fabric-loader-0.16.14.jar:?]
	at net.fabricmc.loader.impl.launch.knot.KnotServer.main(KnotServer.java:23) ~[fabric-loader-0.16.14.jar:?]
	at net.fabricmc.loader.impl.launch.server.FabricServerLauncher.main(FabricServerLauncher.java:69) ~[fabric-loader-0.16.14.jar:?]
	at net.fabricmc.installer.ServerLauncher.main(ServerLauncher.java:69) ~[server.jar:1.0.3]
[15:10:54] [main/ERROR]: Parsing error loading recipe alienevo:module_dye/dye_magenta_module
com.google.gson.JsonSyntaxException: Unknown item 'alienevo:color_module_light_blue'
	at net.minecraft.class_1869.method_17878(class_1869.java:272) ~[server-intermediary.jar:?]
	at java.util.Optional.orElseThrow(Optional.java:403) ~[?:?]
	at net.minecraft.class_1869.method_8155(class_1869.java:272) ~[server-intermediary.jar:?]
	at net.minecraft.class_1856.method_8107(class_1856.java:160) ~[server-intermediary.jar:?]
	at net.minecraft.class_1856.method_8090(class_1856.java:149) ~[server-intermediary.jar:?]
	at java.util.stream.ReferencePipeline$3$1.accept(ReferencePipeline.java:197) ~[?:?]
	at java.util.ArrayList$Itr.forEachRemaining(ArrayList.java:1085) ~[?:?]
	at java.util.Spliterators$IteratorSpliterator.forEachRemaining(Spliterators.java:1939) ~[?:?]
	at java.util.stream.AbstractPipeline.copyInto(AbstractPipeline.java:509) ~[?:?]
	at java.util.stream.AbstractPipeline.wrapAndCopyInto(AbstractPipeline.java:499) ~[?:?]
	at java.util.stream.AbstractPipeline.evaluate(AbstractPipeline.java:575) ~[?:?]
	at java.util.stream.AbstractPipeline.evaluateToArrayNode(AbstractPipeline.java:260) ~[?:?]
	at java.util.stream.ReferencePipeline.toArray(ReferencePipeline.java:616) ~[?:?]
	at net.minecraft.class_1856.<init>(class_1856.java:43) ~[server-intermediary.jar:?]
	at net.minecraft.class_1856.method_8092(class_1856.java:105) ~[server-intermediary.jar:?]
	at net.minecraft.class_1856.method_8102(class_1856.java:149) ~[server-intermediary.jar:?]
	at net.minecraft.class_1867$class_1868.method_8144(class_1867.java:107) ~[server-intermediary.jar:?]
	at net.minecraft.class_1867$class_1868.method_8142(class_1867.java:92) ~[server-intermediary.jar:?]
	at net.minecraft.class_1867$class_1868.method_8121(class_1867.java:87) ~[server-intermediary.jar:?]
	at net.minecraft.class_1863.method_17720(class_1863.java:135) ~[server-intermediary.jar:?]
	at net.minecraft.class_1863.method_20705(class_1863.java:56) ~[server-intermediary.jar:?]
	at net.minecraft.class_1863.method_18788(class_1863.java:35) ~[server-intermediary.jar:?]
	at net.minecraft.class_4080.method_18790(class_4080.java:13) ~[server-intermediary.jar:?]
	at java.util.concurrent.CompletableFuture$UniAccept.tryFire(CompletableFuture.java:718) ~[?:?]
	at java.util.concurrent.CompletableFuture$Completion.run(CompletableFuture.java:482) ~[?:?]
	at net.minecraft.class_4014.method_18365(class_4014.java:69) ~[server-intermediary.jar:?]
	at net.minecraft.class_156.method_43498(class_156.java:950) ~[server-intermediary.jar:?]
	at net.minecraft.class_156.method_43499(class_156.java:938) ~[server-intermediary.jar:?]
	at net.minecraft.server.Main.main(Main.java:160) ~[server-intermediary.jar:?]
	at net.fabricmc.loader.impl.game.minecraft.MinecraftGameProvider.launch(MinecraftGameProvider.java:480) ~[fabric-loader-0.16.14.jar:?]
	at net.fabricmc.loader.impl.launch.knot.Knot.launch(Knot.java:74) ~[fabric-loader-0.16.14.jar:?]
	at net.fabricmc.loader.impl.launch.knot.KnotServer.main(KnotServer.java:23) ~[fabric-loader-0.16.14.jar:?]
	at net.fabricmc.loader.impl.launch.server.FabricServerLauncher.main(FabricServerLauncher.java:69) ~[fabric-loader-0.16.14.jar:?]
	at net.fabricmc.installer.ServerLauncher.main(ServerLauncher.java:69) ~[server.jar:1.0.3]
[15:10:54] [main/ERROR]: Parsing error loading recipe alienevo:module_dye/dye_white_module
com.google.gson.JsonSyntaxException: Unknown item 'alienevo:color_module_light_blue'
	at net.minecraft.class_1869.method_17878(class_1869.java:272) ~[server-intermediary.jar:?]
	at java.util.Optional.orElseThrow(Optional.java:403) ~[?:?]
	at net.minecraft.class_1869.method_8155(class_1869.java:272) ~[server-intermediary.jar:?]
	at net.minecraft.class_1856.method_8107(class_1856.java:160) ~[server-intermediary.jar:?]
	at net.minecraft.class_1856.method_8090(class_1856.java:149) ~[server-intermediary.jar:?]
	at java.util.stream.ReferencePipeline$3$1.accept(ReferencePipeline.java:197) ~[?:?]
	at java.util.ArrayList$Itr.forEachRemaining(ArrayList.java:1085) ~[?:?]
	at java.util.Spliterators$IteratorSpliterator.forEachRemaining(Spliterators.java:1939) ~[?:?]
	at java.util.stream.AbstractPipeline.copyInto(AbstractPipeline.java:509) ~[?:?]
	at java.util.stream.AbstractPipeline.wrapAndCopyInto(AbstractPipeline.java:499) ~[?:?]
	at java.util.stream.AbstractPipeline.evaluate(AbstractPipeline.java:575) ~[?:?]
	at java.util.stream.AbstractPipeline.evaluateToArrayNode(AbstractPipeline.java:260) ~[?:?]
	at java.util.stream.ReferencePipeline.toArray(ReferencePipeline.java:616) ~[?:?]
	at net.minecraft.class_1856.<init>(class_1856.java:43) ~[server-intermediary.jar:?]
	at net.minecraft.class_1856.method_8092(class_1856.java:105) ~[server-intermediary.jar:?]
	at net.minecraft.class_1856.method_8102(class_1856.java:149) ~[server-intermediary.jar:?]
	at net.minecraft.class_1867$class_1868.method_8144(class_1867.java:107) ~[server-intermediary.jar:?]
	at net.minecraft.class_1867$class_1868.method_8142(class_1867.java:92) ~[server-intermediary.jar:?]
	at net.minecraft.class_1867$class_1868.method_8121(class_1867.java:87) ~[server-intermediary.jar:?]
	at net.minecraft.class_1863.method_17720(class_1863.java:135) ~[server-intermediary.jar:?]
	at net.minecraft.class_1863.method_20705(class_1863.java:56) ~[server-intermediary.jar:?]
	at net.minecraft.class_1863.method_18788(class_1863.java:35) ~[server-intermediary.jar:?]
	at net.minecraft.class_4080.method_18790(class_4080.java:13) ~[server-intermediary.jar:?]
	at java.util.concurrent.CompletableFuture$UniAccept.tryFire(CompletableFuture.java:718) ~[?:?]
	at java.util.concurrent.CompletableFuture$Completion.run(CompletableFuture.java:482) ~[?:?]
	at net.minecraft.class_4014.method_18365(class_4014.java:69) ~[server-intermediary.jar:?]
	at net.minecraft.class_156.method_43498(class_156.java:950) ~[server-intermediary.jar:?]
	at net.minecraft.class_156.method_43499(class_156.java:938) ~[server-intermediary.jar:?]
	at net.minecraft.server.Main.main(Main.java:160) ~[server-intermediary.jar:?]
	at net.fabricmc.loader.impl.game.minecraft.MinecraftGameProvider.launch(MinecraftGameProvider.java:480) ~[fabric-loader-0.16.14.jar:?]
	at net.fabricmc.loader.impl.launch.knot.Knot.launch(Knot.java:74) ~[fabric-loader-0.16.14.jar:?]
	at net.fabricmc.loader.impl.launch.knot.KnotServer.main(KnotServer.java:23) ~[fabric-loader-0.16.14.jar:?]
	at net.fabricmc.loader.impl.launch.server.FabricServerLauncher.main(FabricServerLauncher.java:69) ~[fabric-loader-0.16.14.jar:?]
	at net.fabricmc.installer.ServerLauncher.main(ServerLauncher.java:69) ~[server.jar:1.0.3]
[15:10:54] [main/INFO]: Loaded 7 recipes
[15:10:54] [main/ERROR]: Failed to load function alienevo:modules/main_uniform/lime
java.util.concurrent.CompletionException: java.lang.IllegalArgumentException: Whilst parsing command on line 3: Unknown item 'alienevo:color_module_light_gray' at position 139: ...hand with <--[HERE]
	at java.util.concurrent.CompletableFuture.encodeThrowable(CompletableFuture.java:315) ~[?:?]
	at java.util.concurrent.CompletableFuture.completeThrowable(CompletableFuture.java:320) ~[?:?]
	at java.util.concurrent.CompletableFuture$AsyncSupply.run(CompletableFuture.java:1770) ~[?:?]
	at java.util.concurrent.CompletableFuture$AsyncSupply.exec(CompletableFuture.java:1760) ~[?:?]
	at java.util.concurrent.ForkJoinTask.doExec(ForkJoinTask.java:387) ~[?:?]
	at java.util.concurrent.ForkJoinPool$WorkQueue.topLevelExec(ForkJoinPool.java:1312) ~[?:?]
	at java.util.concurrent.ForkJoinPool.scan(ForkJoinPool.java:1843) ~[?:?]
	at java.util.concurrent.ForkJoinPool.runWorker(ForkJoinPool.java:1808) ~[?:?]
	at java.util.concurrent.ForkJoinWorkerThread.run(ForkJoinWorkerThread.java:188) ~[?:?]
Caused by: java.lang.IllegalArgumentException: Whilst parsing command on line 3: Unknown item 'alienevo:color_module_light_gray' at position 139: ...hand with <--[HERE]
	at net.minecraft.class_2158.method_9195(class_2158.java:63) ~[server-intermediary.jar:?]
	at net.minecraft.class_5349.method_29451(class_5349.java:83) ~[server-intermediary.jar:?]
	at java.util.concurrent.CompletableFuture$AsyncSupply.run(CompletableFuture.java:1768) ~[?:?]
	... 6 more
[15:10:54] [main/ERROR]: Failed to load function alienevo:modules/secondary_uniform/gray
java.util.concurrent.CompletionException: java.lang.IllegalArgumentException: Whilst parsing command on line 4: Unknown item 'alienevo:color_module_light_gray' at position 149: ...hand with <--[HERE]
	at java.util.concurrent.CompletableFuture.encodeThrowable(CompletableFuture.java:315) ~[?:?]
	at java.util.concurrent.CompletableFuture.completeThrowable(CompletableFuture.java:320) ~[?:?]
	at java.util.concurrent.CompletableFuture$AsyncSupply.run(CompletableFuture.java:1770) ~[?:?]
	at java.util.concurrent.CompletableFuture$AsyncSupply.exec(CompletableFuture.java:1760) ~[?:?]
	at java.util.concurrent.ForkJoinTask.doExec(ForkJoinTask.java:387) ~[?:?]
	at java.util.concurrent.ForkJoinPool$WorkQueue.topLevelExec(ForkJoinPool.java:1312) ~[?:?]
	at java.util.concurrent.ForkJoinPool.scan(ForkJoinPool.java:1843) ~[?:?]
	at java.util.concurrent.ForkJoinPool.runWorker(ForkJoinPool.java:1808) ~[?:?]
	at java.util.concurrent.ForkJoinWorkerThread.run(ForkJoinWorkerThread.java:188) ~[?:?]
Caused by: java.lang.IllegalArgumentException: Whilst parsing command on line 4: Unknown item 'alienevo:color_module_light_gray' at position 149: ...hand with <--[HERE]
	at net.minecraft.class_2158.method_9195(class_2158.java:63) ~[server-intermediary.jar:?]
	at net.minecraft.class_5349.method_29451(class_5349.java:83) ~[server-intermediary.jar:?]
	at java.util.concurrent.CompletableFuture$AsyncSupply.run(CompletableFuture.java:1768) ~[?:?]
	... 6 more
[15:10:54] [main/ERROR]: Failed to load function alienevo:modules/secondary_uniform/blue
java.util.concurrent.CompletionException: java.lang.IllegalArgumentException: Whilst parsing command on line 4: Unknown item 'alienevo:color_module_light_gray' at position 149: ...hand with <--[HERE]
	at java.util.concurrent.CompletableFuture.encodeThrowable(CompletableFuture.java:315) ~[?:?]
	at java.util.concurrent.CompletableFuture.completeThrowable(CompletableFuture.java:320) ~[?:?]
	at java.util.concurrent.CompletableFuture$AsyncSupply.run(CompletableFuture.java:1770) ~[?:?]
	at java.util.concurrent.CompletableFuture$AsyncSupply.exec(CompletableFuture.java:1760) ~[?:?]
	at java.util.concurrent.ForkJoinTask.doExec(ForkJoinTask.java:387) ~[?:?]
	at java.util.concurrent.ForkJoinPool$WorkQueue.topLevelExec(ForkJoinPool.java:1312) ~[?:?]
	at java.util.concurrent.ForkJoinPool.scan(ForkJoinPool.java:1843) ~[?:?]
	at java.util.concurrent.ForkJoinPool.runWorker(ForkJoinPool.java:1808) ~[?:?]
	at java.util.concurrent.ForkJoinWorkerThread.run(ForkJoinWorkerThread.java:188) ~[?:?]
Caused by: java.lang.IllegalArgumentException: Whilst parsing command on line 4: Unknown item 'alienevo:color_module_light_gray' at position 149: ...hand with <--[HERE]
	at net.minecraft.class_2158.method_9195(class_2158.java:63) ~[server-intermediary.jar:?]
	at net.minecraft.class_5349.method_29451(class_5349.java:83) ~[server-intermediary.jar:?]
	at java.util.concurrent.CompletableFuture$AsyncSupply.run(CompletableFuture.java:1768) ~[?:?]
	... 6 more
[15:10:54] [main/ERROR]: Failed to load function alienevo:modules/secondary_uniform/yellow
java.util.concurrent.CompletionException: java.lang.IllegalArgumentException: Whilst parsing command on line 4: Unknown item 'alienevo:color_module_light_gray' at position 149: ...hand with <--[HERE]
	at java.util.concurrent.CompletableFuture.encodeThrowable(CompletableFuture.java:315) ~[?:?]
	at java.util.concurrent.CompletableFuture.completeThrowable(CompletableFuture.java:320) ~[?:?]
	at java.util.concurrent.CompletableFuture$AsyncSupply.run(CompletableFuture.java:1770) ~[?:?]
	at java.util.concurrent.CompletableFuture$AsyncSupply.exec(CompletableFuture.java:1760) ~[?:?]
	at java.util.concurrent.ForkJoinTask.doExec(ForkJoinTask.java:387) ~[?:?]
	at java.util.concurrent.ForkJoinPool$WorkQueue.topLevelExec(ForkJoinPool.java:1312) ~[?:?]
	at java.util.concurrent.ForkJoinPool.scan(ForkJoinPool.java:1843) ~[?:?]
	at java.util.concurrent.ForkJoinPool.runWorker(ForkJoinPool.java:1808) ~[?:?]
	at java.util.concurrent.ForkJoinWorkerThread.run(ForkJoinWorkerThread.java:188) ~[?:?]
Caused by: java.lang.IllegalArgumentException: Whilst parsing command on line 4: Unknown item 'alienevo:color_module_light_gray' at position 149: ...hand with <--[HERE]
	at net.minecraft.class_2158.method_9195(class_2158.java:63) ~[server-intermediary.jar:?]
	at net.minecraft.class_5349.method_29451(class_5349.java:83) ~[server-intermediary.jar:?]
	at java.util.concurrent.CompletableFuture$AsyncSupply.run(CompletableFuture.java:1768) ~[?:?]
	... 6 more
[15:10:54] [main/ERROR]: Failed to load function alienevo:abilities/selfdestruct_remove
java.util.concurrent.CompletionException: java.lang.IllegalArgumentException: Whilst parsing command on line 2: Unknown item 'alienevo:self_destruct_module' at position 115: ...hand with <--[HERE]
	at java.util.concurrent.CompletableFuture.encodeThrowable(CompletableFuture.java:315) ~[?:?]
	at java.util.concurrent.CompletableFuture.completeThrowable(CompletableFuture.java:320) ~[?:?]
	at java.util.concurrent.CompletableFuture$AsyncSupply.run(CompletableFuture.java:1770) ~[?:?]
	at java.util.concurrent.CompletableFuture$AsyncSupply.exec(CompletableFuture.java:1760) ~[?:?]
	at java.util.concurrent.ForkJoinTask.doExec(ForkJoinTask.java:387) ~[?:?]
	at java.util.concurrent.ForkJoinPool$WorkQueue.topLevelExec(ForkJoinPool.java:1312) ~[?:?]
	at java.util.concurrent.ForkJoinPool.scan(ForkJoinPool.java:1843) ~[?:?]
	at java.util.concurrent.ForkJoinPool.runWorker(ForkJoinPool.java:1808) ~[?:?]
	at java.util.concurrent.ForkJoinWorkerThread.run(ForkJoinWorkerThread.java:188) ~[?:?]
Caused by: java.lang.IllegalArgumentException: Whilst parsing command on line 2: Unknown item 'alienevo:self_destruct_module' at position 115: ...hand with <--[HERE]
	at net.minecraft.class_2158.method_9195(class_2158.java:63) ~[server-intermediary.jar:?]
	at net.minecraft.class_5349.method_29451(class_5349.java:83) ~[server-intermediary.jar:?]
	at java.util.concurrent.CompletableFuture$AsyncSupply.run(CompletableFuture.java:1768) ~[?:?]
	... 6 more
[15:10:54] [main/ERROR]: Failed to load function alienevo:modules/secondary_uniform/green
java.util.concurrent.CompletionException: java.lang.IllegalArgumentException: Whilst parsing command on line 4: Unknown item 'alienevo:color_module_light_gray' at position 149: ...hand with <--[HERE]
	at java.util.concurrent.CompletableFuture.encodeThrowable(CompletableFuture.java:315) ~[?:?]
	at java.util.concurrent.CompletableFuture.completeThrowable(CompletableFuture.java:320) ~[?:?]
	at java.util.concurrent.CompletableFuture$AsyncSupply.run(CompletableFuture.java:1770) ~[?:?]
	at java.util.concurrent.CompletableFuture$AsyncSupply.exec(CompletableFuture.java:1760) ~[?:?]
	at java.util.concurrent.ForkJoinTask.doExec(ForkJoinTask.java:387) ~[?:?]
	at java.util.concurrent.ForkJoinPool$WorkQueue.topLevelExec(ForkJoinPool.java:1312) ~[?:?]
	at java.util.concurrent.ForkJoinPool.scan(ForkJoinPool.java:1843) ~[?:?]
	at java.util.concurrent.ForkJoinPool.runWorker(ForkJoinPool.java:1808) ~[?:?]
	at java.util.concurrent.ForkJoinWorkerThread.run(ForkJoinWorkerThread.java:188) ~[?:?]
Caused by: java.lang.IllegalArgumentException: Whilst parsing command on line 4: Unknown item 'alienevo:color_module_light_gray' at position 149: ...hand with <--[HERE]
	at net.minecraft.class_2158.method_9195(class_2158.java:63) ~[server-intermediary.jar:?]
	at net.minecraft.class_5349.method_29451(class_5349.java:83) ~[server-intermediary.jar:?]
	at java.util.concurrent.CompletableFuture$AsyncSupply.run(CompletableFuture.java:1768) ~[?:?]
	... 6 more
[15:10:54] [main/ERROR]: Failed to load function alienevo:modules/glow_module/lime
java.util.concurrent.CompletionException: java.lang.IllegalArgumentException: Whilst parsing command on line 3: Unknown item 'alienevo:color_module_light_gray' at position 131: ...hand with <--[HERE]
	at java.util.concurrent.CompletableFuture.encodeThrowable(CompletableFuture.java:315) ~[?:?]
	at java.util.concurrent.CompletableFuture.completeThrowable(CompletableFuture.java:320) ~[?:?]
	at java.util.concurrent.CompletableFuture$AsyncSupply.run(CompletableFuture.java:1770) ~[?:?]
	at java.util.concurrent.CompletableFuture$AsyncSupply.exec(CompletableFuture.java:1760) ~[?:?]
	at java.util.concurrent.ForkJoinTask.doExec(ForkJoinTask.java:387) ~[?:?]
	at java.util.concurrent.ForkJoinPool$WorkQueue.topLevelExec(ForkJoinPool.java:1312) ~[?:?]
	at java.util.concurrent.ForkJoinPool.scan(ForkJoinPool.java:1843) ~[?:?]
	at java.util.concurrent.ForkJoinPool.runWorker(ForkJoinPool.java:1808) ~[?:?]
	at java.util.concurrent.ForkJoinWorkerThread.run(ForkJoinWorkerThread.java:188) ~[?:?]
Caused by: java.lang.IllegalArgumentException: Whilst parsing command on line 3: Unknown item 'alienevo:color_module_light_gray' at position 131: ...hand with <--[HERE]
	at net.minecraft.class_2158.method_9195(class_2158.java:63) ~[server-intermediary.jar:?]
	at net.minecraft.class_5349.method_29451(class_5349.java:83) ~[server-intermediary.jar:?]
	at java.util.concurrent.CompletableFuture$AsyncSupply.run(CompletableFuture.java:1768) ~[?:?]
	... 6 more
[15:10:54] [main/ERROR]: Failed to load function alienevo:modules/glow_module/light_gray
java.util.concurrent.CompletionException: java.lang.IllegalArgumentException: Whilst parsing command on line 12: Unknown item 'alienevo:color_module_light_blue' at position 132: ...hand with <--[HERE]
	at java.util.concurrent.CompletableFuture.encodeThrowable(CompletableFuture.java:315) ~[?:?]
	at java.util.concurrent.CompletableFuture.completeThrowable(CompletableFuture.java:320) ~[?:?]
	at java.util.concurrent.CompletableFuture$AsyncSupply.run(CompletableFuture.java:1770) ~[?:?]
	at java.util.concurrent.CompletableFuture$AsyncSupply.exec(CompletableFuture.java:1760) ~[?:?]
	at java.util.concurrent.ForkJoinTask.doExec(ForkJoinTask.java:387) ~[?:?]
	at java.util.concurrent.ForkJoinPool$WorkQueue.topLevelExec(ForkJoinPool.java:1312) ~[?:?]
	at java.util.concurrent.ForkJoinPool.scan(ForkJoinPool.java:1843) ~[?:?]
	at java.util.concurrent.ForkJoinPool.runWorker(ForkJoinPool.java:1808) ~[?:?]
	at java.util.concurrent.ForkJoinWorkerThread.run(ForkJoinWorkerThread.java:188) ~[?:?]
Caused by: java.lang.IllegalArgumentException: Whilst parsing command on line 12: Unknown item 'alienevo:color_module_light_blue' at position 132: ...hand with <--[HERE]
	at net.minecraft.class_2158.method_9195(class_2158.java:63) ~[server-intermediary.jar:?]
	at net.minecraft.class_5349.method_29451(class_5349.java:83) ~[server-intermediary.jar:?]
	at java.util.concurrent.CompletableFuture$AsyncSupply.run(CompletableFuture.java:1768) ~[?:?]
	... 6 more
[15:10:54] [main/ERROR]: Failed to load function alienevo:abilities/master_control_module_remove
java.util.concurrent.CompletionException: java.lang.IllegalArgumentException: Whilst parsing command on line 2: Unknown item 'alienevo:master_control_module' at position 116: ...hand with <--[HERE]
	at java.util.concurrent.CompletableFuture.encodeThrowable(CompletableFuture.java:315) ~[?:?]
	at java.util.concurrent.CompletableFuture.completeThrowable(CompletableFuture.java:320) ~[?:?]
	at java.util.concurrent.CompletableFuture$AsyncSupply.run(CompletableFuture.java:1770) ~[?:?]
	at java.util.concurrent.CompletableFuture$AsyncSupply.exec(CompletableFuture.java:1760) ~[?:?]
	at java.util.concurrent.ForkJoinTask.doExec(ForkJoinTask.java:387) ~[?:?]
	at java.util.concurrent.ForkJoinPool$WorkQueue.topLevelExec(ForkJoinPool.java:1312) ~[?:?]
	at java.util.concurrent.ForkJoinPool.scan(ForkJoinPool.java:1843) ~[?:?]
	at java.util.concurrent.ForkJoinPool.runWorker(ForkJoinPool.java:1808) ~[?:?]
	at java.util.concurrent.ForkJoinWorkerThread.run(ForkJoinWorkerThread.java:188) ~[?:?]
Caused by: java.lang.IllegalArgumentException: Whilst parsing command on line 2: Unknown item 'alienevo:master_control_module' at position 116: ...hand with <--[HERE]
	at net.minecraft.class_2158.method_9195(class_2158.java:63) ~[server-intermediary.jar:?]
	at net.minecraft.class_5349.method_29451(class_5349.java:83) ~[server-intermediary.jar:?]
	at java.util.concurrent.CompletableFuture$AsyncSupply.run(CompletableFuture.java:1768) ~[?:?]
	... 6 more
[15:10:54] [main/ERROR]: Failed to load function alienevo:modules/glow_module/orange
java.util.concurrent.CompletionException: java.lang.IllegalArgumentException: Whilst parsing command on line 4: Unknown item 'alienevo:color_module_light_gray' at position 131: ...hand with <--[HERE]
	at java.util.concurrent.CompletableFuture.encodeThrowable(CompletableFuture.java:315) ~[?:?]
	at java.util.concurrent.CompletableFuture.completeThrowable(CompletableFuture.java:320) ~[?:?]
	at java.util.concurrent.CompletableFuture$AsyncSupply.run(CompletableFuture.java:1770) ~[?:?]
	at java.util.concurrent.CompletableFuture$AsyncSupply.exec(CompletableFuture.java:1760) ~[?:?]
	at java.util.concurrent.ForkJoinTask.doExec(ForkJoinTask.java:387) ~[?:?]
	at java.util.concurrent.ForkJoinPool$WorkQueue.topLevelExec(ForkJoinPool.java:1312) ~[?:?]
	at java.util.concurrent.ForkJoinPool.scan(ForkJoinPool.java:1843) ~[?:?]
	at java.util.concurrent.ForkJoinPool.runWorker(ForkJoinPool.java:1808) ~[?:?]
	at java.util.concurrent.ForkJoinWorkerThread.run(ForkJoinWorkerThread.java:188) ~[?:?]
Caused by: java.lang.IllegalArgumentException: Whilst parsing command on line 4: Unknown item 'alienevo:color_module_light_gray' at position 131: ...hand with <--[HERE]
	at net.minecraft.class_2158.method_9195(class_2158.java:63) ~[server-intermediary.jar:?]
	at net.minecraft.class_5349.method_29451(class_5349.java:83) ~[server-intermediary.jar:?]
	at java.util.concurrent.CompletableFuture$AsyncSupply.run(CompletableFuture.java:1768) ~[?:?]
	... 6 more
[15:10:54] [main/ERROR]: Failed to load function alienevo:abilities/core_remove
java.util.concurrent.CompletionException: java.lang.IllegalArgumentException: Whilst parsing command on line 2: Unknown item 'alienevo:remove_core_module' at position 113: ...hand with <--[HERE]
	at java.util.concurrent.CompletableFuture.encodeThrowable(CompletableFuture.java:315) ~[?:?]
	at java.util.concurrent.CompletableFuture.completeThrowable(CompletableFuture.java:320) ~[?:?]
	at java.util.concurrent.CompletableFuture$AsyncSupply.run(CompletableFuture.java:1770) ~[?:?]
	at java.util.concurrent.CompletableFuture$AsyncSupply.exec(CompletableFuture.java:1760) ~[?:?]
	at java.util.concurrent.ForkJoinTask.doExec(ForkJoinTask.java:387) ~[?:?]
	at java.util.concurrent.ForkJoinPool$WorkQueue.topLevelExec(ForkJoinPool.java:1312) ~[?:?]
	at java.util.concurrent.ForkJoinPool.scan(ForkJoinPool.java:1843) ~[?:?]
	at java.util.concurrent.ForkJoinPool.runWorker(ForkJoinPool.java:1808) ~[?:?]
	at java.util.concurrent.ForkJoinWorkerThread.run(ForkJoinWorkerThread.java:188) ~[?:?]
Caused by: java.lang.IllegalArgumentException: Whilst parsing command on line 2: Unknown item 'alienevo:remove_core_module' at position 113: ...hand with <--[HERE]
	at net.minecraft.class_2158.method_9195(class_2158.java:63) ~[server-intermediary.jar:?]
	at net.minecraft.class_5349.method_29451(class_5349.java:83) ~[server-intermediary.jar:?]
	at java.util.concurrent.CompletableFuture$AsyncSupply.run(CompletableFuture.java:1768) ~[?:?]
	... 6 more
[15:10:54] [main/ERROR]: Failed to load function alienevo:modules/glow_module/light_blue
java.util.concurrent.CompletionException: java.lang.IllegalArgumentException: Whilst parsing command on line 4: Unknown item 'alienevo:color_module_light_gray' at position 131: ...hand with <--[HERE]
	at java.util.concurrent.CompletableFuture.encodeThrowable(CompletableFuture.java:315) ~[?:?]
	at java.util.concurrent.CompletableFuture.completeThrowable(CompletableFuture.java:320) ~[?:?]
	at java.util.concurrent.CompletableFuture$AsyncSupply.run(CompletableFuture.java:1770) ~[?:?]
	at java.util.concurrent.CompletableFuture$AsyncSupply.exec(CompletableFuture.java:1760) ~[?:?]
	at java.util.concurrent.ForkJoinTask.doExec(ForkJoinTask.java:387) ~[?:?]
	at java.util.concurrent.ForkJoinPool$WorkQueue.topLevelExec(ForkJoinPool.java:1312) ~[?:?]
	at java.util.concurrent.ForkJoinPool.scan(ForkJoinPool.java:1843) ~[?:?]
	at java.util.concurrent.ForkJoinPool.runWorker(ForkJoinPool.java:1808) ~[?:?]
	at java.util.concurrent.ForkJoinWorkerThread.run(ForkJoinWorkerThread.java:188) ~[?:?]
Caused by: java.lang.IllegalArgumentException: Whilst parsing command on line 4: Unknown item 'alienevo:color_module_light_gray' at position 131: ...hand with <--[HERE]
	at net.minecraft.class_2158.method_9195(class_2158.java:63) ~[server-intermediary.jar:?]
	at net.minecraft.class_5349.method_29451(class_5349.java:83) ~[server-intermediary.jar:?]
	at java.util.concurrent.CompletableFuture$AsyncSupply.run(CompletableFuture.java:1768) ~[?:?]
	... 6 more
[15:10:54] [main/ERROR]: Failed to load function alienevo:modules/glow_module/brown
java.util.concurrent.CompletionException: java.lang.IllegalArgumentException: Whilst parsing command on line 4: Unknown item 'alienevo:color_module_light_gray' at position 131: ...hand with <--[HERE]
	at java.util.concurrent.CompletableFuture.encodeThrowable(CompletableFuture.java:315) ~[?:?]
	at java.util.concurrent.CompletableFuture.completeThrowable(CompletableFuture.java:320) ~[?:?]
	at java.util.concurrent.CompletableFuture$AsyncSupply.run(CompletableFuture.java:1770) ~[?:?]
	at java.util.concurrent.CompletableFuture$AsyncSupply.exec(CompletableFuture.java:1760) ~[?:?]
	at java.util.concurrent.ForkJoinTask.doExec(ForkJoinTask.java:387) ~[?:?]
	at java.util.concurrent.ForkJoinPool$WorkQueue.topLevelExec(ForkJoinPool.java:1312) ~[?:?]
	at java.util.concurrent.ForkJoinPool.scan(ForkJoinPool.java:1843) ~[?:?]
	at java.util.concurrent.ForkJoinPool.runWorker(ForkJoinPool.java:1808) ~[?:?]
	at java.util.concurrent.ForkJoinWorkerThread.run(ForkJoinWorkerThread.java:188) ~[?:?]
Caused by: java.lang.IllegalArgumentException: Whilst parsing command on line 4: Unknown item 'alienevo:color_module_light_gray' at position 131: ...hand with <--[HERE]
	at net.minecraft.class_2158.method_9195(class_2158.java:63) ~[server-intermediary.jar:?]
	at net.minecraft.class_5349.method_29451(class_5349.java:83) ~[server-intermediary.jar:?]
	at java.util.concurrent.CompletableFuture$AsyncSupply.run(CompletableFuture.java:1768) ~[?:?]
	... 6 more
[15:10:54] [main/ERROR]: Failed to load function alienevo:modules/glow_module/white
java.util.concurrent.CompletionException: java.lang.IllegalArgumentException: Whilst parsing command on line 3: Unknown item 'alienevo:color_module_light_gray' at position 131: ...hand with <--[HERE]
	at java.util.concurrent.CompletableFuture.encodeThrowable(CompletableFuture.java:315) ~[?:?]
	at java.util.concurrent.CompletableFuture.completeThrowable(CompletableFuture.java:320) ~[?:?]
	at java.util.concurrent.CompletableFuture$AsyncSupply.run(CompletableFuture.java:1770) ~[?:?]
	at java.util.concurrent.CompletableFuture$AsyncSupply.exec(CompletableFuture.java:1760) ~[?:?]
	at java.util.concurrent.ForkJoinTask.doExec(ForkJoinTask.java:387) ~[?:?]
	at java.util.concurrent.ForkJoinPool$WorkQueue.topLevelExec(ForkJoinPool.java:1312) ~[?:?]
	at java.util.concurrent.ForkJoinPool.scan(ForkJoinPool.java:1843) ~[?:?]
	at java.util.concurrent.ForkJoinPool.runWorker(ForkJoinPool.java:1808) ~[?:?]
	at java.util.concurrent.ForkJoinWorkerThread.run(ForkJoinWorkerThread.java:188) ~[?:?]
Caused by: java.lang.IllegalArgumentException: Whilst parsing command on line 3: Unknown item 'alienevo:color_module_light_gray' at position 131: ...hand with <--[HERE]
	at net.minecraft.class_2158.method_9195(class_2158.java:63) ~[server-intermediary.jar:?]
	at net.minecraft.class_5349.method_29451(class_5349.java:83) ~[server-intermediary.jar:?]
	at java.util.concurrent.CompletableFuture$AsyncSupply.run(CompletableFuture.java:1768) ~[?:?]
	... 6 more
[15:10:54] [main/ERROR]: Failed to load function alienevo:modules/secondary_uniform/orange
java.util.concurrent.CompletionException: java.lang.IllegalArgumentException: Whilst parsing command on line 4: Unknown item 'alienevo:color_module_light_gray' at position 149: ...hand with <--[HERE]
	at java.util.concurrent.CompletableFuture.encodeThrowable(CompletableFuture.java:315) ~[?:?]
	at java.util.concurrent.CompletableFuture.completeThrowable(CompletableFuture.java:320) ~[?:?]
	at java.util.concurrent.CompletableFuture$AsyncSupply.run(CompletableFuture.java:1770) ~[?:?]
	at java.util.concurrent.CompletableFuture$AsyncSupply.exec(CompletableFuture.java:1760) ~[?:?]
	at java.util.concurrent.ForkJoinTask.doExec(ForkJoinTask.java:387) ~[?:?]
	at java.util.concurrent.ForkJoinPool$WorkQueue.topLevelExec(ForkJoinPool.java:1312) ~[?:?]
	at java.util.concurrent.ForkJoinPool.scan(ForkJoinPool.java:1843) ~[?:?]
	at java.util.concurrent.ForkJoinPool.runWorker(ForkJoinPool.java:1808) ~[?:?]
	at java.util.concurrent.ForkJoinWorkerThread.run(ForkJoinWorkerThread.java:188) ~[?:?]
Caused by: java.lang.IllegalArgumentException: Whilst parsing command on line 4: Unknown item 'alienevo:color_module_light_gray' at position 149: ...hand with <--[HERE]
	at net.minecraft.class_2158.method_9195(class_2158.java:63) ~[server-intermediary.jar:?]
	at net.minecraft.class_5349.method_29451(class_5349.java:83) ~[server-intermediary.jar:?]
	at java.util.concurrent.CompletableFuture$AsyncSupply.run(CompletableFuture.java:1768) ~[?:?]
	... 6 more
[15:10:54] [main/ERROR]: Failed to load function alienevo:modules/glow_module/red
java.util.concurrent.CompletionException: java.lang.IllegalArgumentException: Whilst parsing command on line 4: Unknown item 'alienevo:color_module_light_gray' at position 131: ...hand with <--[HERE]
	at java.util.concurrent.CompletableFuture.encodeThrowable(CompletableFuture.java:315) ~[?:?]
	at java.util.concurrent.CompletableFuture.completeThrowable(CompletableFuture.java:320) ~[?:?]
	at java.util.concurrent.CompletableFuture$AsyncSupply.run(CompletableFuture.java:1770) ~[?:?]
	at java.util.concurrent.CompletableFuture$AsyncSupply.exec(CompletableFuture.java:1760) ~[?:?]
	at java.util.concurrent.ForkJoinTask.doExec(ForkJoinTask.java:387) ~[?:?]
	at java.util.concurrent.ForkJoinPool$WorkQueue.topLevelExec(ForkJoinPool.java:1312) ~[?:?]
	at java.util.concurrent.ForkJoinPool.scan(ForkJoinPool.java:1843) ~[?:?]
	at java.util.concurrent.ForkJoinPool.runWorker(ForkJoinPool.java:1808) ~[?:?]
	at java.util.concurrent.ForkJoinWorkerThread.run(ForkJoinWorkerThread.java:188) ~[?:?]
Caused by: java.lang.IllegalArgumentException: Whilst parsing command on line 4: Unknown item 'alienevo:color_module_light_gray' at position 131: ...hand with <--[HERE]
	at net.minecraft.class_2158.method_9195(class_2158.java:63) ~[server-intermediary.jar:?]
	at net.minecraft.class_5349.method_29451(class_5349.java:83) ~[server-intermediary.jar:?]
	at java.util.concurrent.CompletableFuture$AsyncSupply.run(CompletableFuture.java:1768) ~[?:?]
	... 6 more
[15:10:54] [main/ERROR]: Failed to load function alienevo:modules/glow_module/green
java.util.concurrent.CompletionException: java.lang.IllegalArgumentException: Whilst parsing command on line 4: Unknown item 'alienevo:color_module_light_gray' at position 131: ...hand with <--[HERE]
	at java.util.concurrent.CompletableFuture.encodeThrowable(CompletableFuture.java:315) ~[?:?]
	at java.util.concurrent.CompletableFuture.completeThrowable(CompletableFuture.java:320) ~[?:?]
	at java.util.concurrent.CompletableFuture$AsyncSupply.run(CompletableFuture.java:1770) ~[?:?]
	at java.util.concurrent.CompletableFuture$AsyncSupply.exec(CompletableFuture.java:1760) ~[?:?]
	at java.util.concurrent.ForkJoinTask.doExec(ForkJoinTask.java:387) ~[?:?]
	at java.util.concurrent.ForkJoinPool$WorkQueue.topLevelExec(ForkJoinPool.java:1312) ~[?:?]
	at java.util.concurrent.ForkJoinPool.scan(ForkJoinPool.java:1843) ~[?:?]
	at java.util.concurrent.ForkJoinPool.runWorker(ForkJoinPool.java:1808) ~[?:?]
	at java.util.concurrent.ForkJoinWorkerThread.run(ForkJoinWorkerThread.java:188) ~[?:?]
Caused by: java.lang.IllegalArgumentException: Whilst parsing command on line 4: Unknown item 'alienevo:color_module_light_gray' at position 131: ...hand with <--[HERE]
	at net.minecraft.class_2158.method_9195(class_2158.java:63) ~[server-intermediary.jar:?]
	at net.minecraft.class_5349.method_29451(class_5349.java:83) ~[server-intermediary.jar:?]
	at java.util.concurrent.CompletableFuture$AsyncSupply.run(CompletableFuture.java:1768) ~[?:?]
	... 6 more
[15:10:54] [main/ERROR]: Failed to load function alienevo:modules/main_uniform/cyan
java.util.concurrent.CompletionException: java.lang.IllegalArgumentException: Whilst parsing command on line 4: Unknown item 'alienevo:color_module_light_gray' at position 139: ...hand with <--[HERE]
	at java.util.concurrent.CompletableFuture.encodeThrowable(CompletableFuture.java:315) ~[?:?]
	at java.util.concurrent.CompletableFuture.completeThrowable(CompletableFuture.java:320) ~[?:?]
	at java.util.concurrent.CompletableFuture$AsyncSupply.run(CompletableFuture.java:1770) ~[?:?]
	at java.util.concurrent.CompletableFuture$AsyncSupply.exec(CompletableFuture.java:1760) ~[?:?]
	at java.util.concurrent.ForkJoinTask.doExec(ForkJoinTask.java:387) ~[?:?]
	at java.util.concurrent.ForkJoinPool$WorkQueue.topLevelExec(ForkJoinPool.java:1312) ~[?:?]
	at java.util.concurrent.ForkJoinPool.scan(ForkJoinPool.java:1843) ~[?:?]
	at java.util.concurrent.ForkJoinPool.runWorker(ForkJoinPool.java:1808) ~[?:?]
	at java.util.concurrent.ForkJoinWorkerThread.run(ForkJoinWorkerThread.java:188) ~[?:?]
Caused by: java.lang.IllegalArgumentException: Whilst parsing command on line 4: Unknown item 'alienevo:color_module_light_gray' at position 139: ...hand with <--[HERE]
	at net.minecraft.class_2158.method_9195(class_2158.java:63) ~[server-intermediary.jar:?]
	at net.minecraft.class_5349.method_29451(class_5349.java:83) ~[server-intermediary.jar:?]
	at java.util.concurrent.CompletableFuture$AsyncSupply.run(CompletableFuture.java:1768) ~[?:?]
	... 6 more
[15:10:54] [main/ERROR]: Failed to load function alienevo:modules/main_uniform/magenta
java.util.concurrent.CompletionException: java.lang.IllegalArgumentException: Whilst parsing command on line 4: Unknown item 'alienevo:color_module_light_gray' at position 139: ...hand with <--[HERE]
	at java.util.concurrent.CompletableFuture.encodeThrowable(CompletableFuture.java:315) ~[?:?]
	at java.util.concurrent.CompletableFuture.completeThrowable(CompletableFuture.java:320) ~[?:?]
	at java.util.concurrent.CompletableFuture$AsyncSupply.run(CompletableFuture.java:1770) ~[?:?]
	at java.util.concurrent.CompletableFuture$AsyncSupply.exec(CompletableFuture.java:1760) ~[?:?]
	at java.util.concurrent.ForkJoinTask.doExec(ForkJoinTask.java:387) ~[?:?]
	at java.util.concurrent.ForkJoinPool$WorkQueue.topLevelExec(ForkJoinPool.java:1312) ~[?:?]
	at java.util.concurrent.ForkJoinPool.scan(ForkJoinPool.java:1843) ~[?:?]
	at java.util.concurrent.ForkJoinPool.runWorker(ForkJoinPool.java:1808) ~[?:?]
	at java.util.concurrent.ForkJoinWorkerThread.run(ForkJoinWorkerThread.java:188) ~[?:?]
Caused by: java.lang.IllegalArgumentException: Whilst parsing command on line 4: Unknown item 'alienevo:color_module_light_gray' at position 139: ...hand with <--[HERE]
	at net.minecraft.class_2158.method_9195(class_2158.java:63) ~[server-intermediary.jar:?]
	at net.minecraft.class_5349.method_29451(class_5349.java:83) ~[server-intermediary.jar:?]
	at java.util.concurrent.CompletableFuture$AsyncSupply.run(CompletableFuture.java:1768) ~[?:?]
	... 6 more
[15:10:54] [main/ERROR]: Failed to load function alienevo:modules/secondary_uniform/purple
java.util.concurrent.CompletionException: java.lang.IllegalArgumentException: Whilst parsing command on line 4: Unknown item 'alienevo:color_module_light_gray' at position 149: ...hand with <--[HERE]
	at java.util.concurrent.CompletableFuture.encodeThrowable(CompletableFuture.java:315) ~[?:?]
	at java.util.concurrent.CompletableFuture.completeThrowable(CompletableFuture.java:320) ~[?:?]
	at java.util.concurrent.CompletableFuture$AsyncSupply.run(CompletableFuture.java:1770) ~[?:?]
	at java.util.concurrent.CompletableFuture$AsyncSupply.exec(CompletableFuture.java:1760) ~[?:?]
	at java.util.concurrent.ForkJoinTask.doExec(ForkJoinTask.java:387) ~[?:?]
	at java.util.concurrent.ForkJoinPool$WorkQueue.topLevelExec(ForkJoinPool.java:1312) ~[?:?]
	at java.util.concurrent.ForkJoinPool.scan(ForkJoinPool.java:1843) ~[?:?]
	at java.util.concurrent.ForkJoinPool.runWorker(ForkJoinPool.java:1808) ~[?:?]
	at java.util.concurrent.ForkJoinWorkerThread.run(ForkJoinWorkerThread.java:188) ~[?:?]
Caused by: java.lang.IllegalArgumentException: Whilst parsing command on line 4: Unknown item 'alienevo:color_module_light_gray' at position 149: ...hand with <--[HERE]
	at net.minecraft.class_2158.method_9195(class_2158.java:63) ~[server-intermediary.jar:?]
	at net.minecraft.class_5349.method_29451(class_5349.java:83) ~[server-intermediary.jar:?]
	at java.util.concurrent.CompletableFuture$AsyncSupply.run(CompletableFuture.java:1768) ~[?:?]
	... 6 more
[15:10:54] [main/ERROR]: Failed to load function alienevo:modules/glow_module/magenta
java.util.concurrent.CompletionException: java.lang.IllegalArgumentException: Whilst parsing command on line 4: Unknown item 'alienevo:color_module_light_gray' at position 131: ...hand with <--[HERE]
	at java.util.concurrent.CompletableFuture.encodeThrowable(CompletableFuture.java:315) ~[?:?]
	at java.util.concurrent.CompletableFuture.completeThrowable(CompletableFuture.java:320) ~[?:?]
	at java.util.concurrent.CompletableFuture$AsyncSupply.run(CompletableFuture.java:1770) ~[?:?]
	at java.util.concurrent.CompletableFuture$AsyncSupply.exec(CompletableFuture.java:1760) ~[?:?]
	at java.util.concurrent.ForkJoinTask.doExec(ForkJoinTask.java:387) ~[?:?]
	at java.util.concurrent.ForkJoinPool$WorkQueue.topLevelExec(ForkJoinPool.java:1312) ~[?:?]
	at java.util.concurrent.ForkJoinPool.scan(ForkJoinPool.java:1843) ~[?:?]
	at java.util.concurrent.ForkJoinPool.runWorker(ForkJoinPool.java:1808) ~[?:?]
	at java.util.concurrent.ForkJoinWorkerThread.run(ForkJoinWorkerThread.java:188) ~[?:?]
Caused by: java.lang.IllegalArgumentException: Whilst parsing command on line 4: Unknown item 'alienevo:color_module_light_gray' at position 131: ...hand with <--[HERE]
	at net.minecraft.class_2158.method_9195(class_2158.java:63) ~[server-intermediary.jar:?]
	at net.minecraft.class_5349.method_29451(class_5349.java:83) ~[server-intermediary.jar:?]
	at java.util.concurrent.CompletableFuture$AsyncSupply.run(CompletableFuture.java:1768) ~[?:?]
	... 6 more
[15:10:54] [main/ERROR]: Failed to load function alienevo:modules/main_uniform/red
java.util.concurrent.CompletionException: java.lang.IllegalArgumentException: Whilst parsing command on line 4: Unknown item 'alienevo:color_module_light_gray' at position 139: ...hand with <--[HERE]
	at java.util.concurrent.CompletableFuture.encodeThrowable(CompletableFuture.java:315) ~[?:?]
	at java.util.concurrent.CompletableFuture.completeThrowable(CompletableFuture.java:320) ~[?:?]
	at java.util.concurrent.CompletableFuture$AsyncSupply.run(CompletableFuture.java:1770) ~[?:?]
	at java.util.concurrent.CompletableFuture$AsyncSupply.exec(CompletableFuture.java:1760) ~[?:?]
	at java.util.concurrent.ForkJoinTask.doExec(ForkJoinTask.java:387) ~[?:?]
	at java.util.concurrent.ForkJoinPool$WorkQueue.topLevelExec(ForkJoinPool.java:1312) ~[?:?]
	at java.util.concurrent.ForkJoinPool.scan(ForkJoinPool.java:1843) ~[?:?]
	at java.util.concurrent.ForkJoinPool.runWorker(ForkJoinPool.java:1808) ~[?:?]
	at java.util.concurrent.ForkJoinWorkerThread.run(ForkJoinWorkerThread.java:188) ~[?:?]
Caused by: java.lang.IllegalArgumentException: Whilst parsing command on line 4: Unknown item 'alienevo:color_module_light_gray' at position 139: ...hand with <--[HERE]
	at net.minecraft.class_2158.method_9195(class_2158.java:63) ~[server-intermediary.jar:?]
	at net.minecraft.class_5349.method_29451(class_5349.java:83) ~[server-intermediary.jar:?]
	at java.util.concurrent.CompletableFuture$AsyncSupply.run(CompletableFuture.java:1768) ~[?:?]
	... 6 more
[15:10:54] [main/ERROR]: Failed to load function alienevo:abilities/glow_module_remove
java.util.concurrent.CompletionException: java.lang.IllegalArgumentException: Whilst parsing command on line 7: Unknown item 'alienevo:color_module_light_gray' at position 131: ...hand with <--[HERE]
	at java.util.concurrent.CompletableFuture.encodeThrowable(CompletableFuture.java:315) ~[?:?]
	at java.util.concurrent.CompletableFuture.completeThrowable(CompletableFuture.java:320) ~[?:?]
	at java.util.concurrent.CompletableFuture$AsyncSupply.run(CompletableFuture.java:1770) ~[?:?]
	at java.util.concurrent.CompletableFuture$AsyncSupply.exec(CompletableFuture.java:1760) ~[?:?]
	at java.util.concurrent.ForkJoinTask.doExec(ForkJoinTask.java:387) ~[?:?]
	at java.util.concurrent.ForkJoinPool$WorkQueue.topLevelExec(ForkJoinPool.java:1312) ~[?:?]
	at java.util.concurrent.ForkJoinPool.scan(ForkJoinPool.java:1843) ~[?:?]
	at java.util.concurrent.ForkJoinPool.runWorker(ForkJoinPool.java:1808) ~[?:?]
	at java.util.concurrent.ForkJoinWorkerThread.run(ForkJoinWorkerThread.java:188) ~[?:?]
Caused by: java.lang.IllegalArgumentException: Whilst parsing command on line 7: Unknown item 'alienevo:color_module_light_gray' at position 131: ...hand with <--[HERE]
	at net.minecraft.class_2158.method_9195(class_2158.java:63) ~[server-intermediary.jar:?]
	at net.minecraft.class_5349.method_29451(class_5349.java:83) ~[server-intermediary.jar:?]
	at java.util.concurrent.CompletableFuture$AsyncSupply.run(CompletableFuture.java:1768) ~[?:?]
	... 6 more
[15:10:54] [main/ERROR]: Failed to load function alienevo:modules/glow_module/pink
java.util.concurrent.CompletionException: java.lang.IllegalArgumentException: Whilst parsing command on line 4: Unknown item 'alienevo:color_module_light_gray' at position 131: ...hand with <--[HERE]
	at java.util.concurrent.CompletableFuture.encodeThrowable(CompletableFuture.java:315) ~[?:?]
	at java.util.concurrent.CompletableFuture.completeThrowable(CompletableFuture.java:320) ~[?:?]
	at java.util.concurrent.CompletableFuture$AsyncSupply.run(CompletableFuture.java:1770) ~[?:?]
	at java.util.concurrent.CompletableFuture$AsyncSupply.exec(CompletableFuture.java:1760) ~[?:?]
	at java.util.concurrent.ForkJoinTask.doExec(ForkJoinTask.java:387) ~[?:?]
	at java.util.concurrent.ForkJoinPool$WorkQueue.topLevelExec(ForkJoinPool.java:1312) ~[?:?]
	at java.util.concurrent.ForkJoinPool.scan(ForkJoinPool.java:1843) ~[?:?]
	at java.util.concurrent.ForkJoinPool.runWorker(ForkJoinPool.java:1808) ~[?:?]
	at java.util.concurrent.ForkJoinWorkerThread.run(ForkJoinWorkerThread.java:188) ~[?:?]
Caused by: java.lang.IllegalArgumentException: Whilst parsing command on line 4: Unknown item 'alienevo:color_module_light_gray' at position 131: ...hand with <--[HERE]
	at net.minecraft.class_2158.method_9195(class_2158.java:63) ~[server-intermediary.jar:?]
	at net.minecraft.class_5349.method_29451(class_5349.java:83) ~[server-intermediary.jar:?]
	at java.util.concurrent.CompletableFuture$AsyncSupply.run(CompletableFuture.java:1768) ~[?:?]
	... 6 more
[15:10:54] [main/ERROR]: Failed to load function alienevo:modules/main_uniform/pink
java.util.concurrent.CompletionException: java.lang.IllegalArgumentException: Whilst parsing command on line 4: Unknown item 'alienevo:color_module_light_gray' at position 139: ...hand with <--[HERE]
	at java.util.concurrent.CompletableFuture.encodeThrowable(CompletableFuture.java:315) ~[?:?]
	at java.util.concurrent.CompletableFuture.completeThrowable(CompletableFuture.java:320) ~[?:?]
	at java.util.concurrent.CompletableFuture$AsyncSupply.run(CompletableFuture.java:1770) ~[?:?]
	at java.util.concurrent.CompletableFuture$AsyncSupply.exec(CompletableFuture.java:1760) ~[?:?]
	at java.util.concurrent.ForkJoinTask.doExec(ForkJoinTask.java:387) ~[?:?]
	at java.util.concurrent.ForkJoinPool$WorkQueue.topLevelExec(ForkJoinPool.java:1312) ~[?:?]
	at java.util.concurrent.ForkJoinPool.scan(ForkJoinPool.java:1843) ~[?:?]
	at java.util.concurrent.ForkJoinPool.runWorker(ForkJoinPool.java:1808) ~[?:?]
	at java.util.concurrent.ForkJoinWorkerThread.run(ForkJoinWorkerThread.java:188) ~[?:?]
Caused by: java.lang.IllegalArgumentException: Whilst parsing command on line 4: Unknown item 'alienevo:color_module_light_gray' at position 139: ...hand with <--[HERE]
	at net.minecraft.class_2158.method_9195(class_2158.java:63) ~[server-intermediary.jar:?]
	at net.minecraft.class_5349.method_29451(class_5349.java:83) ~[server-intermediary.jar:?]
	at java.util.concurrent.CompletableFuture$AsyncSupply.run(CompletableFuture.java:1768) ~[?:?]
	... 6 more
[15:10:54] [main/ERROR]: Failed to load function alienevo:modules/main_uniform/black
java.util.concurrent.CompletionException: java.lang.IllegalArgumentException: Whilst parsing command on line 4: Unknown item 'alienevo:color_module_light_gray' at position 139: ...hand with <--[HERE]
	at java.util.concurrent.CompletableFuture.encodeThrowable(CompletableFuture.java:315) ~[?:?]
	at java.util.concurrent.CompletableFuture.completeThrowable(CompletableFuture.java:320) ~[?:?]
	at java.util.concurrent.CompletableFuture$AsyncSupply.run(CompletableFuture.java:1770) ~[?:?]
	at java.util.concurrent.CompletableFuture$AsyncSupply.exec(CompletableFuture.java:1760) ~[?:?]
	at java.util.concurrent.ForkJoinTask.doExec(ForkJoinTask.java:387) ~[?:?]
	at java.util.concurrent.ForkJoinPool$WorkQueue.topLevelExec(ForkJoinPool.java:1312) ~[?:?]
	at java.util.concurrent.ForkJoinPool.scan(ForkJoinPool.java:1843) ~[?:?]
	at java.util.concurrent.ForkJoinPool.runWorker(ForkJoinPool.java:1808) ~[?:?]
	at java.util.concurrent.ForkJoinWorkerThread.run(ForkJoinWorkerThread.java:188) ~[?:?]
Caused by: java.lang.IllegalArgumentException: Whilst parsing command on line 4: Unknown item 'alienevo:color_module_light_gray' at position 139: ...hand with <--[HERE]
	at net.minecraft.class_2158.method_9195(class_2158.java:63) ~[server-intermediary.jar:?]
	at net.minecraft.class_5349.method_29451(class_5349.java:83) ~[server-intermediary.jar:?]
	at java.util.concurrent.CompletableFuture$AsyncSupply.run(CompletableFuture.java:1768) ~[?:?]
	... 6 more
[15:10:54] [main/ERROR]: Failed to load function alienevo:modules/glow_module/purple
java.util.concurrent.CompletionException: java.lang.IllegalArgumentException: Whilst parsing command on line 4: Unknown item 'alienevo:color_module_light_gray' at position 131: ...hand with <--[HERE]
	at java.util.concurrent.CompletableFuture.encodeThrowable(CompletableFuture.java:315) ~[?:?]
	at java.util.concurrent.CompletableFuture.completeThrowable(CompletableFuture.java:320) ~[?:?]
	at java.util.concurrent.CompletableFuture$AsyncSupply.run(CompletableFuture.java:1770) ~[?:?]
	at java.util.concurrent.CompletableFuture$AsyncSupply.exec(CompletableFuture.java:1760) ~[?:?]
	at java.util.concurrent.ForkJoinTask.doExec(ForkJoinTask.java:387) ~[?:?]
	at java.util.concurrent.ForkJoinPool$WorkQueue.topLevelExec(ForkJoinPool.java:1312) ~[?:?]
	at java.util.concurrent.ForkJoinPool.scan(ForkJoinPool.java:1843) ~[?:?]
	at java.util.concurrent.ForkJoinPool.runWorker(ForkJoinPool.java:1808) ~[?:?]
	at java.util.concurrent.ForkJoinWorkerThread.run(ForkJoinWorkerThread.java:188) ~[?:?]
Caused by: java.lang.IllegalArgumentException: Whilst parsing command on line 4: Unknown item 'alienevo:color_module_light_gray' at position 131: ...hand with <--[HERE]
	at net.minecraft.class_2158.method_9195(class_2158.java:63) ~[server-intermediary.jar:?]
	at net.minecraft.class_5349.method_29451(class_5349.java:83) ~[server-intermediary.jar:?]
	at java.util.concurrent.CompletableFuture$AsyncSupply.run(CompletableFuture.java:1768) ~[?:?]
	... 6 more
[15:10:54] [main/ERROR]: Failed to load function alienevo:modules/secondary_uniform/pink
java.util.concurrent.CompletionException: java.lang.IllegalArgumentException: Whilst parsing command on line 4: Unknown item 'alienevo:color_module_light_gray' at position 149: ...hand with <--[HERE]
	at java.util.concurrent.CompletableFuture.encodeThrowable(CompletableFuture.java:315) ~[?:?]
	at java.util.concurrent.CompletableFuture.completeThrowable(CompletableFuture.java:320) ~[?:?]
	at java.util.concurrent.CompletableFuture$AsyncSupply.run(CompletableFuture.java:1770) ~[?:?]
	at java.util.concurrent.CompletableFuture$AsyncSupply.exec(CompletableFuture.java:1760) ~[?:?]
	at java.util.concurrent.ForkJoinTask.doExec(ForkJoinTask.java:387) ~[?:?]
	at java.util.concurrent.ForkJoinPool$WorkQueue.topLevelExec(ForkJoinPool.java:1312) ~[?:?]
	at java.util.concurrent.ForkJoinPool.scan(ForkJoinPool.java:1843) ~[?:?]
	at java.util.concurrent.ForkJoinPool.runWorker(ForkJoinPool.java:1808) ~[?:?]
	at java.util.concurrent.ForkJoinWorkerThread.run(ForkJoinWorkerThread.java:188) ~[?:?]
Caused by: java.lang.IllegalArgumentException: Whilst parsing command on line 4: Unknown item 'alienevo:color_module_light_gray' at position 149: ...hand with <--[HERE]
	at net.minecraft.class_2158.method_9195(class_2158.java:63) ~[server-intermediary.jar:?]
	at net.minecraft.class_5349.method_29451(class_5349.java:83) ~[server-intermediary.jar:?]
	at java.util.concurrent.CompletableFuture$AsyncSupply.run(CompletableFuture.java:1768) ~[?:?]
	... 6 more
[15:10:54] [main/ERROR]: Failed to load function alienevo:abilities/base_form_module_remove
java.util.concurrent.CompletionException: java.lang.IllegalArgumentException: Whilst parsing command on line 1: Unknown item 'alienevo:base_form_module' at position 111: ...hand with <--[HERE]
	at java.util.concurrent.CompletableFuture.encodeThrowable(CompletableFuture.java:315) ~[?:?]
	at java.util.concurrent.CompletableFuture.completeThrowable(CompletableFuture.java:320) ~[?:?]
	at java.util.concurrent.CompletableFuture$AsyncSupply.run(CompletableFuture.java:1770) ~[?:?]
	at java.util.concurrent.CompletableFuture$AsyncSupply.exec(CompletableFuture.java:1760) ~[?:?]
	at java.util.concurrent.ForkJoinTask.doExec(ForkJoinTask.java:387) ~[?:?]
	at java.util.concurrent.ForkJoinPool$WorkQueue.topLevelExec(ForkJoinPool.java:1312) ~[?:?]
	at java.util.concurrent.ForkJoinPool.scan(ForkJoinPool.java:1843) ~[?:?]
	at java.util.concurrent.ForkJoinPool.runWorker(ForkJoinPool.java:1808) ~[?:?]
	at java.util.concurrent.ForkJoinWorkerThread.run(ForkJoinWorkerThread.java:188) ~[?:?]
Caused by: java.lang.IllegalArgumentException: Whilst parsing command on line 1: Unknown item 'alienevo:base_form_module' at position 111: ...hand with <--[HERE]
	at net.minecraft.class_2158.method_9195(class_2158.java:63) ~[server-intermediary.jar:?]
	at net.minecraft.class_5349.method_29451(class_5349.java:83) ~[server-intermediary.jar:?]
	at java.util.concurrent.CompletableFuture$AsyncSupply.run(CompletableFuture.java:1768) ~[?:?]
	... 6 more
[15:10:54] [main/ERROR]: Failed to load function alienevo:modules/main_uniform/orange
java.util.concurrent.CompletionException: java.lang.IllegalArgumentException: Whilst parsing command on line 4: Unknown item 'alienevo:color_module_light_gray' at position 139: ...hand with <--[HERE]
	at java.util.concurrent.CompletableFuture.encodeThrowable(CompletableFuture.java:315) ~[?:?]
	at java.util.concurrent.CompletableFuture.completeThrowable(CompletableFuture.java:320) ~[?:?]
	at java.util.concurrent.CompletableFuture$AsyncSupply.run(CompletableFuture.java:1770) ~[?:?]
	at java.util.concurrent.CompletableFuture$AsyncSupply.exec(CompletableFuture.java:1760) ~[?:?]
	at java.util.concurrent.ForkJoinTask.doExec(ForkJoinTask.java:387) ~[?:?]
	at java.util.concurrent.ForkJoinPool$WorkQueue.topLevelExec(ForkJoinPool.java:1312) ~[?:?]
	at java.util.concurrent.ForkJoinPool.scan(ForkJoinPool.java:1843) ~[?:?]
	at java.util.concurrent.ForkJoinPool.runWorker(ForkJoinPool.java:1808) ~[?:?]
	at java.util.concurrent.ForkJoinWorkerThread.run(ForkJoinWorkerThread.java:188) ~[?:?]
Caused by: java.lang.IllegalArgumentException: Whilst parsing command on line 4: Unknown item 'alienevo:color_module_light_gray' at position 139: ...hand with <--[HERE]
	at net.minecraft.class_2158.method_9195(class_2158.java:63) ~[server-intermediary.jar:?]
	at net.minecraft.class_5349.method_29451(class_5349.java:83) ~[server-intermediary.jar:?]
	at java.util.concurrent.CompletableFuture$AsyncSupply.run(CompletableFuture.java:1768) ~[?:?]
	... 6 more
[15:10:54] [main/ERROR]: Failed to load function alienevo:modules/secondary_uniform/red
java.util.concurrent.CompletionException: java.lang.IllegalArgumentException: Whilst parsing command on line 4: Unknown item 'alienevo:color_module_light_gray' at position 149: ...hand with <--[HERE]
	at java.util.concurrent.CompletableFuture.encodeThrowable(CompletableFuture.java:315) ~[?:?]
	at java.util.concurrent.CompletableFuture.completeThrowable(CompletableFuture.java:320) ~[?:?]
	at java.util.concurrent.CompletableFuture$AsyncSupply.run(CompletableFuture.java:1770) ~[?:?]
	at java.util.concurrent.CompletableFuture$AsyncSupply.exec(CompletableFuture.java:1760) ~[?:?]
	at java.util.concurrent.ForkJoinTask.doExec(ForkJoinTask.java:387) ~[?:?]
	at java.util.concurrent.ForkJoinPool$WorkQueue.topLevelExec(ForkJoinPool.java:1312) ~[?:?]
	at java.util.concurrent.ForkJoinPool.scan(ForkJoinPool.java:1843) ~[?:?]
	at java.util.concurrent.ForkJoinPool.runWorker(ForkJoinPool.java:1808) ~[?:?]
	at java.util.concurrent.ForkJoinWorkerThread.run(ForkJoinWorkerThread.java:188) ~[?:?]
Caused by: java.lang.IllegalArgumentException: Whilst parsing command on line 4: Unknown item 'alienevo:color_module_light_gray' at position 149: ...hand with <--[HERE]
	at net.minecraft.class_2158.method_9195(class_2158.java:63) ~[server-intermediary.jar:?]
	at net.minecraft.class_5349.method_29451(class_5349.java:83) ~[server-intermediary.jar:?]
	at java.util.concurrent.CompletableFuture$AsyncSupply.run(CompletableFuture.java:1768) ~[?:?]
	... 6 more
[15:10:54] [main/ERROR]: Failed to load function alienevo:modules/glow_module/black
java.util.concurrent.CompletionException: java.lang.IllegalArgumentException: Whilst parsing command on line 4: Unknown item 'alienevo:color_module_light_gray' at position 131: ...hand with <--[HERE]
	at java.util.concurrent.CompletableFuture.encodeThrowable(CompletableFuture.java:315) ~[?:?]
	at java.util.concurrent.CompletableFuture.completeThrowable(CompletableFuture.java:320) ~[?:?]
	at java.util.concurrent.CompletableFuture$AsyncSupply.run(CompletableFuture.java:1770) ~[?:?]
	at java.util.concurrent.CompletableFuture$AsyncSupply.exec(CompletableFuture.java:1760) ~[?:?]
	at java.util.concurrent.ForkJoinTask.doExec(ForkJoinTask.java:387) ~[?:?]
	at java.util.concurrent.ForkJoinPool$WorkQueue.topLevelExec(ForkJoinPool.java:1312) ~[?:?]
	at java.util.concurrent.ForkJoinPool.scan(ForkJoinPool.java:1843) ~[?:?]
	at java.util.concurrent.ForkJoinPool.runWorker(ForkJoinPool.java:1808) ~[?:?]
	at java.util.concurrent.ForkJoinWorkerThread.run(ForkJoinWorkerThread.java:188) ~[?:?]
Caused by: java.lang.IllegalArgumentException: Whilst parsing command on line 4: Unknown item 'alienevo:color_module_light_gray' at position 131: ...hand with <--[HERE]
	at net.minecraft.class_2158.method_9195(class_2158.java:63) ~[server-intermediary.jar:?]
	at net.minecraft.class_5349.method_29451(class_5349.java:83) ~[server-intermediary.jar:?]
	at java.util.concurrent.CompletableFuture$AsyncSupply.run(CompletableFuture.java:1768) ~[?:?]
	... 6 more
[15:10:54] [main/ERROR]: Failed to load function alienevo:modules/secondary_uniform/light_blue
java.util.concurrent.CompletionException: java.lang.IllegalArgumentException: Whilst parsing command on line 4: Unknown item 'alienevo:color_module_light_gray' at position 149: ...hand with <--[HERE]
	at java.util.concurrent.CompletableFuture.encodeThrowable(CompletableFuture.java:315) ~[?:?]
	at java.util.concurrent.CompletableFuture.completeThrowable(CompletableFuture.java:320) ~[?:?]
	at java.util.concurrent.CompletableFuture$AsyncSupply.run(CompletableFuture.java:1770) ~[?:?]
	at java.util.concurrent.CompletableFuture$AsyncSupply.exec(CompletableFuture.java:1760) ~[?:?]
	at java.util.concurrent.ForkJoinTask.doExec(ForkJoinTask.java:387) ~[?:?]
	at java.util.concurrent.ForkJoinPool$WorkQueue.topLevelExec(ForkJoinPool.java:1312) ~[?:?]
	at java.util.concurrent.ForkJoinPool.scan(ForkJoinPool.java:1843) ~[?:?]
	at java.util.concurrent.ForkJoinPool.runWorker(ForkJoinPool.java:1808) ~[?:?]
	at java.util.concurrent.ForkJoinWorkerThread.run(ForkJoinWorkerThread.java:188) ~[?:?]
Caused by: java.lang.IllegalArgumentException: Whilst parsing command on line 4: Unknown item 'alienevo:color_module_light_gray' at position 149: ...hand with <--[HERE]
	at net.minecraft.class_2158.method_9195(class_2158.java:63) ~[server-intermediary.jar:?]
	at net.minecraft.class_5349.method_29451(class_5349.java:83) ~[server-intermediary.jar:?]
	at java.util.concurrent.CompletableFuture$AsyncSupply.run(CompletableFuture.java:1768) ~[?:?]
	... 6 more
[15:10:54] [main/ERROR]: Failed to load function alienevo:modules/main_uniform/white
java.util.concurrent.CompletionException: java.lang.IllegalArgumentException: Whilst parsing command on line 3: Unknown item 'alienevo:color_module_light_gray' at position 139: ...hand with <--[HERE]
	at java.util.concurrent.CompletableFuture.encodeThrowable(CompletableFuture.java:315) ~[?:?]
	at java.util.concurrent.CompletableFuture.completeThrowable(CompletableFuture.java:320) ~[?:?]
	at java.util.concurrent.CompletableFuture$AsyncSupply.run(CompletableFuture.java:1770) ~[?:?]
	at java.util.concurrent.CompletableFuture$AsyncSupply.exec(CompletableFuture.java:1760) ~[?:?]
	at java.util.concurrent.ForkJoinTask.doExec(ForkJoinTask.java:387) ~[?:?]
	at java.util.concurrent.ForkJoinPool$WorkQueue.topLevelExec(ForkJoinPool.java:1312) ~[?:?]
	at java.util.concurrent.ForkJoinPool.scan(ForkJoinPool.java:1843) ~[?:?]
	at java.util.concurrent.ForkJoinPool.runWorker(ForkJoinPool.java:1808) ~[?:?]
	at java.util.concurrent.ForkJoinWorkerThread.run(ForkJoinWorkerThread.java:188) ~[?:?]
Caused by: java.lang.IllegalArgumentException: Whilst parsing command on line 3: Unknown item 'alienevo:color_module_light_gray' at position 139: ...hand with <--[HERE]
	at net.minecraft.class_2158.method_9195(class_2158.java:63) ~[server-intermediary.jar:?]
	at net.minecraft.class_5349.method_29451(class_5349.java:83) ~[server-intermediary.jar:?]
	at java.util.concurrent.CompletableFuture$AsyncSupply.run(CompletableFuture.java:1768) ~[?:?]
	... 6 more
[15:10:55] [main/ERROR]: Failed to load function alienevo:modules/glow_module/cyan
java.util.concurrent.CompletionException: java.lang.IllegalArgumentException: Whilst parsing command on line 4: Unknown item 'alienevo:color_module_light_gray' at position 131: ...hand with <--[HERE]
	at java.util.concurrent.CompletableFuture.encodeThrowable(CompletableFuture.java:315) ~[?:?]
	at java.util.concurrent.CompletableFuture.completeThrowable(CompletableFuture.java:320) ~[?:?]
	at java.util.concurrent.CompletableFuture$AsyncSupply.run(CompletableFuture.java:1770) ~[?:?]
	at java.util.concurrent.CompletableFuture$AsyncSupply.exec(CompletableFuture.java:1760) ~[?:?]
	at java.util.concurrent.ForkJoinTask.doExec(ForkJoinTask.java:387) ~[?:?]
	at java.util.concurrent.ForkJoinPool$WorkQueue.topLevelExec(ForkJoinPool.java:1312) ~[?:?]
	at java.util.concurrent.ForkJoinPool.scan(ForkJoinPool.java:1843) ~[?:?]
	at java.util.concurrent.ForkJoinPool.runWorker(ForkJoinPool.java:1808) ~[?:?]
	at java.util.concurrent.ForkJoinWorkerThread.run(ForkJoinWorkerThread.java:188) ~[?:?]
Caused by: java.lang.IllegalArgumentException: Whilst parsing command on line 4: Unknown item 'alienevo:color_module_light_gray' at position 131: ...hand with <--[HERE]
	at net.minecraft.class_2158.method_9195(class_2158.java:63) ~[server-intermediary.jar:?]
	at net.minecraft.class_5349.method_29451(class_5349.java:83) ~[server-intermediary.jar:?]
	at java.util.concurrent.CompletableFuture$AsyncSupply.run(CompletableFuture.java:1768) ~[?:?]
	... 6 more
[15:10:55] [main/ERROR]: Failed to load function alienevo:modules/main_uniform/green
java.util.concurrent.CompletionException: java.lang.IllegalArgumentException: Whilst parsing command on line 4: Unknown item 'alienevo:color_module_light_gray' at position 139: ...hand with <--[HERE]
	at java.util.concurrent.CompletableFuture.encodeThrowable(CompletableFuture.java:315) ~[?:?]
	at java.util.concurrent.CompletableFuture.completeThrowable(CompletableFuture.java:320) ~[?:?]
	at java.util.concurrent.CompletableFuture$AsyncSupply.run(CompletableFuture.java:1770) ~[?:?]
	at java.util.concurrent.CompletableFuture$AsyncSupply.exec(CompletableFuture.java:1760) ~[?:?]
	at java.util.concurrent.ForkJoinTask.doExec(ForkJoinTask.java:387) ~[?:?]
	at java.util.concurrent.ForkJoinPool$WorkQueue.topLevelExec(ForkJoinPool.java:1312) ~[?:?]
	at java.util.concurrent.ForkJoinPool.scan(ForkJoinPool.java:1843) ~[?:?]
	at java.util.concurrent.ForkJoinPool.runWorker(ForkJoinPool.java:1808) ~[?:?]
	at java.util.concurrent.ForkJoinWorkerThread.run(ForkJoinWorkerThread.java:188) ~[?:?]
Caused by: java.lang.IllegalArgumentException: Whilst parsing command on line 4: Unknown item 'alienevo:color_module_light_gray' at position 139: ...hand with <--[HERE]
	at net.minecraft.class_2158.method_9195(class_2158.java:63) ~[server-intermediary.jar:?]
	at net.minecraft.class_5349.method_29451(class_5349.java:83) ~[server-intermediary.jar:?]
	at java.util.concurrent.CompletableFuture$AsyncSupply.run(CompletableFuture.java:1768) ~[?:?]
	... 6 more
[15:10:55] [main/ERROR]: Failed to load function alienevo:modules/main_uniform/yellow
java.util.concurrent.CompletionException: java.lang.IllegalArgumentException: Whilst parsing command on line 4: Unknown item 'alienevo:color_module_light_gray' at position 139: ...hand with <--[HERE]
	at java.util.concurrent.CompletableFuture.encodeThrowable(CompletableFuture.java:315) ~[?:?]
	at java.util.concurrent.CompletableFuture.completeThrowable(CompletableFuture.java:320) ~[?:?]
	at java.util.concurrent.CompletableFuture$AsyncSupply.run(CompletableFuture.java:1770) ~[?:?]
	at java.util.concurrent.CompletableFuture$AsyncSupply.exec(CompletableFuture.java:1760) ~[?:?]
	at java.util.concurrent.ForkJoinTask.doExec(ForkJoinTask.java:387) ~[?:?]
	at java.util.concurrent.ForkJoinPool$WorkQueue.topLevelExec(ForkJoinPool.java:1312) ~[?:?]
	at java.util.concurrent.ForkJoinPool.scan(ForkJoinPool.java:1843) ~[?:?]
	at java.util.concurrent.ForkJoinPool.runWorker(ForkJoinPool.java:1808) ~[?:?]
	at java.util.concurrent.ForkJoinWorkerThread.run(ForkJoinWorkerThread.java:188) ~[?:?]
Caused by: java.lang.IllegalArgumentException: Whilst parsing command on line 4: Unknown item 'alienevo:color_module_light_gray' at position 139: ...hand with <--[HERE]
	at net.minecraft.class_2158.method_9195(class_2158.java:63) ~[server-intermediary.jar:?]
	at net.minecraft.class_5349.method_29451(class_5349.java:83) ~[server-intermediary.jar:?]
	at java.util.concurrent.CompletableFuture$AsyncSupply.run(CompletableFuture.java:1768) ~[?:?]
	... 6 more
[15:10:55] [main/ERROR]: Failed to load function alienevo:modules/secondary_uniform/cyan
java.util.concurrent.CompletionException: java.lang.IllegalArgumentException: Whilst parsing command on line 4: Unknown item 'alienevo:color_module_light_gray' at position 149: ...hand with <--[HERE]
	at java.util.concurrent.CompletableFuture.encodeThrowable(CompletableFuture.java:315) ~[?:?]
	at java.util.concurrent.CompletableFuture.completeThrowable(CompletableFuture.java:320) ~[?:?]
	at java.util.concurrent.CompletableFuture$AsyncSupply.run(CompletableFuture.java:1770) ~[?:?]
	at java.util.concurrent.CompletableFuture$AsyncSupply.exec(CompletableFuture.java:1760) ~[?:?]
	at java.util.concurrent.ForkJoinTask.doExec(ForkJoinTask.java:387) ~[?:?]
	at java.util.concurrent.ForkJoinPool$WorkQueue.topLevelExec(ForkJoinPool.java:1312) ~[?:?]
	at java.util.concurrent.ForkJoinPool.scan(ForkJoinPool.java:1843) ~[?:?]
	at java.util.concurrent.ForkJoinPool.runWorker(ForkJoinPool.java:1808) ~[?:?]
	at java.util.concurrent.ForkJoinWorkerThread.run(ForkJoinWorkerThread.java:188) ~[?:?]
Caused by: java.lang.IllegalArgumentException: Whilst parsing command on line 4: Unknown item 'alienevo:color_module_light_gray' at position 149: ...hand with <--[HERE]
	at net.minecraft.class_2158.method_9195(class_2158.java:63) ~[server-intermediary.jar:?]
	at net.minecraft.class_5349.method_29451(class_5349.java:83) ~[server-intermediary.jar:?]
	at java.util.concurrent.CompletableFuture$AsyncSupply.run(CompletableFuture.java:1768) ~[?:?]
	... 6 more
[15:10:55] [main/ERROR]: Failed to load function alienevo:modules/secondary_uniform/magenta
java.util.concurrent.CompletionException: java.lang.IllegalArgumentException: Whilst parsing command on line 4: Unknown item 'alienevo:color_module_light_gray' at position 149: ...hand with <--[HERE]
	at java.util.concurrent.CompletableFuture.encodeThrowable(CompletableFuture.java:315) ~[?:?]
	at java.util.concurrent.CompletableFuture.completeThrowable(CompletableFuture.java:320) ~[?:?]
	at java.util.concurrent.CompletableFuture$AsyncSupply.run(CompletableFuture.java:1770) ~[?:?]
	at java.util.concurrent.CompletableFuture$AsyncSupply.exec(CompletableFuture.java:1760) ~[?:?]
	at java.util.concurrent.ForkJoinTask.doExec(ForkJoinTask.java:387) ~[?:?]
	at java.util.concurrent.ForkJoinPool$WorkQueue.topLevelExec(ForkJoinPool.java:1312) ~[?:?]
	at java.util.concurrent.ForkJoinPool.scan(ForkJoinPool.java:1843) ~[?:?]
	at java.util.concurrent.ForkJoinPool.runWorker(ForkJoinPool.java:1808) ~[?:?]
	at java.util.concurrent.ForkJoinWorkerThread.run(ForkJoinWorkerThread.java:188) ~[?:?]
Caused by: java.lang.IllegalArgumentException: Whilst parsing command on line 4: Unknown item 'alienevo:color_module_light_gray' at position 149: ...hand with <--[HERE]
	at net.minecraft.class_2158.method_9195(class_2158.java:63) ~[server-intermediary.jar:?]
	at net.minecraft.class_5349.method_29451(class_5349.java:83) ~[server-intermediary.jar:?]
	at java.util.concurrent.CompletableFuture$AsyncSupply.run(CompletableFuture.java:1768) ~[?:?]
	... 6 more
[15:10:55] [main/ERROR]: Failed to load function alienevo:modules/secondary_uniform/lime
java.util.concurrent.CompletionException: java.lang.IllegalArgumentException: Whilst parsing command on line 3: Unknown item 'alienevo:color_module_light_gray' at position 149: ...hand with <--[HERE]
	at java.util.concurrent.CompletableFuture.encodeThrowable(CompletableFuture.java:315) ~[?:?]
	at java.util.concurrent.CompletableFuture.completeThrowable(CompletableFuture.java:320) ~[?:?]
	at java.util.concurrent.CompletableFuture$AsyncSupply.run(CompletableFuture.java:1770) ~[?:?]
	at java.util.concurrent.CompletableFuture$AsyncSupply.exec(CompletableFuture.java:1760) ~[?:?]
	at java.util.concurrent.ForkJoinTask.doExec(ForkJoinTask.java:387) ~[?:?]
	at java.util.concurrent.ForkJoinPool$WorkQueue.topLevelExec(ForkJoinPool.java:1312) ~[?:?]
	at java.util.concurrent.ForkJoinPool.scan(ForkJoinPool.java:1843) ~[?:?]
	at java.util.concurrent.ForkJoinPool.runWorker(ForkJoinPool.java:1808) ~[?:?]
	at java.util.concurrent.ForkJoinWorkerThread.run(ForkJoinWorkerThread.java:188) ~[?:?]
Caused by: java.lang.IllegalArgumentException: Whilst parsing command on line 3: Unknown item 'alienevo:color_module_light_gray' at position 149: ...hand with <--[HERE]
	at net.minecraft.class_2158.method_9195(class_2158.java:63) ~[server-intermediary.jar:?]
	at net.minecraft.class_5349.method_29451(class_5349.java:83) ~[server-intermediary.jar:?]
	at java.util.concurrent.CompletableFuture$AsyncSupply.run(CompletableFuture.java:1768) ~[?:?]
	... 6 more
[15:10:55] [main/ERROR]: Failed to load function alienevo:abilities/secondary_module_remove
java.util.concurrent.CompletionException: java.lang.IllegalArgumentException: Whilst parsing command on line 4: Unknown item 'alienevo:color_module_light_gray' at position 149: ...hand with <--[HERE]
	at java.util.concurrent.CompletableFuture.encodeThrowable(CompletableFuture.java:315) ~[?:?]
	at java.util.concurrent.CompletableFuture.completeThrowable(CompletableFuture.java:320) ~[?:?]
	at java.util.concurrent.CompletableFuture$AsyncSupply.run(CompletableFuture.java:1770) ~[?:?]
	at java.util.concurrent.CompletableFuture$AsyncSupply.exec(CompletableFuture.java:1760) ~[?:?]
	at java.util.concurrent.ForkJoinTask.doExec(ForkJoinTask.java:387) ~[?:?]
	at java.util.concurrent.ForkJoinPool$WorkQueue.topLevelExec(ForkJoinPool.java:1312) ~[?:?]
	at java.util.concurrent.ForkJoinPool.scan(ForkJoinPool.java:1843) ~[?:?]
	at java.util.concurrent.ForkJoinPool.runWorker(ForkJoinPool.java:1808) ~[?:?]
	at java.util.concurrent.ForkJoinWorkerThread.run(ForkJoinWorkerThread.java:188) ~[?:?]
Caused by: java.lang.IllegalArgumentException: Whilst parsing command on line 4: Unknown item 'alienevo:color_module_light_gray' at position 149: ...hand with <--[HERE]
	at net.minecraft.class_2158.method_9195(class_2158.java:63) ~[server-intermediary.jar:?]
	at net.minecraft.class_5349.method_29451(class_5349.java:83) ~[server-intermediary.jar:?]
	at java.util.concurrent.CompletableFuture$AsyncSupply.run(CompletableFuture.java:1768) ~[?:?]
	... 6 more
[15:10:55] [main/ERROR]: Failed to load function alienevo:modules/main_uniform/light_gray
java.util.concurrent.CompletionException: java.lang.IllegalArgumentException: Whilst parsing command on line 12: Unknown item 'alienevo:color_module_light_blue' at position 140: ...hand with <--[HERE]
	at java.util.concurrent.CompletableFuture.encodeThrowable(CompletableFuture.java:315) ~[?:?]
	at java.util.concurrent.CompletableFuture.completeThrowable(CompletableFuture.java:320) ~[?:?]
	at java.util.concurrent.CompletableFuture$AsyncSupply.run(CompletableFuture.java:1770) ~[?:?]
	at java.util.concurrent.CompletableFuture$AsyncSupply.exec(CompletableFuture.java:1760) ~[?:?]
	at java.util.concurrent.ForkJoinTask.doExec(ForkJoinTask.java:387) ~[?:?]
	at java.util.concurrent.ForkJoinPool$WorkQueue.topLevelExec(ForkJoinPool.java:1312) ~[?:?]
	at java.util.concurrent.ForkJoinPool.scan(ForkJoinPool.java:1843) ~[?:?]
	at java.util.concurrent.ForkJoinPool.runWorker(ForkJoinPool.java:1808) ~[?:?]
	at java.util.concurrent.ForkJoinWorkerThread.run(ForkJoinWorkerThread.java:188) ~[?:?]
Caused by: java.lang.IllegalArgumentException: Whilst parsing command on line 12: Unknown item 'alienevo:color_module_light_blue' at position 140: ...hand with <--[HERE]
	at net.minecraft.class_2158.method_9195(class_2158.java:63) ~[server-intermediary.jar:?]
	at net.minecraft.class_5349.method_29451(class_5349.java:83) ~[server-intermediary.jar:?]
	at java.util.concurrent.CompletableFuture$AsyncSupply.run(CompletableFuture.java:1768) ~[?:?]
	... 6 more
[15:10:55] [main/ERROR]: Failed to load function alienevo:modules/secondary_uniform/black
java.util.concurrent.CompletionException: java.lang.IllegalArgumentException: Whilst parsing command on line 4: Unknown item 'alienevo:color_module_light_gray' at position 149: ...hand with <--[HERE]
	at java.util.concurrent.CompletableFuture.encodeThrowable(CompletableFuture.java:315) ~[?:?]
	at java.util.concurrent.CompletableFuture.completeThrowable(CompletableFuture.java:320) ~[?:?]
	at java.util.concurrent.CompletableFuture$AsyncSupply.run(CompletableFuture.java:1770) ~[?:?]
	at java.util.concurrent.CompletableFuture$AsyncSupply.exec(CompletableFuture.java:1760) ~[?:?]
	at java.util.concurrent.ForkJoinTask.doExec(ForkJoinTask.java:387) ~[?:?]
	at java.util.concurrent.ForkJoinPool$WorkQueue.topLevelExec(ForkJoinPool.java:1312) ~[?:?]
	at java.util.concurrent.ForkJoinPool.scan(ForkJoinPool.java:1843) ~[?:?]
	at java.util.concurrent.ForkJoinPool.runWorker(ForkJoinPool.java:1808) ~[?:?]
	at java.util.concurrent.ForkJoinWorkerThread.run(ForkJoinWorkerThread.java:188) ~[?:?]
Caused by: java.lang.IllegalArgumentException: Whilst parsing command on line 4: Unknown item 'alienevo:color_module_light_gray' at position 149: ...hand with <--[HERE]
	at net.minecraft.class_2158.method_9195(class_2158.java:63) ~[server-intermediary.jar:?]
	at net.minecraft.class_5349.method_29451(class_5349.java:83) ~[server-intermediary.jar:?]
	at java.util.concurrent.CompletableFuture$AsyncSupply.run(CompletableFuture.java:1768) ~[?:?]
	... 6 more
[15:10:55] [main/ERROR]: Failed to load function alienevo:abilities/primary_module_remove
java.util.concurrent.CompletionException: java.lang.IllegalArgumentException: Whilst parsing command on line 5: Unknown item 'alienevo:color_module_light_gray' at position 139: ...hand with <--[HERE]
	at java.util.concurrent.CompletableFuture.encodeThrowable(CompletableFuture.java:315) ~[?:?]
	at java.util.concurrent.CompletableFuture.completeThrowable(CompletableFuture.java:320) ~[?:?]
	at java.util.concurrent.CompletableFuture$AsyncSupply.run(CompletableFuture.java:1770) ~[?:?]
	at java.util.concurrent.CompletableFuture$AsyncSupply.exec(CompletableFuture.java:1760) ~[?:?]
	at java.util.concurrent.ForkJoinTask.doExec(ForkJoinTask.java:387) ~[?:?]
	at java.util.concurrent.ForkJoinPool$WorkQueue.topLevelExec(ForkJoinPool.java:1312) ~[?:?]
	at java.util.concurrent.ForkJoinPool.scan(ForkJoinPool.java:1843) ~[?:?]
	at java.util.concurrent.ForkJoinPool.runWorker(ForkJoinPool.java:1808) ~[?:?]
	at java.util.concurrent.ForkJoinWorkerThread.run(ForkJoinWorkerThread.java:188) ~[?:?]
Caused by: java.lang.IllegalArgumentException: Whilst parsing command on line 5: Unknown item 'alienevo:color_module_light_gray' at position 139: ...hand with <--[HERE]
	at net.minecraft.class_2158.method_9195(class_2158.java:63) ~[server-intermediary.jar:?]
	at net.minecraft.class_5349.method_29451(class_5349.java:83) ~[server-intermediary.jar:?]
	at java.util.concurrent.CompletableFuture$AsyncSupply.run(CompletableFuture.java:1768) ~[?:?]
	... 6 more
[15:10:55] [main/ERROR]: Failed to load function alienevo:modules/main_uniform/light_blue
java.util.concurrent.CompletionException: java.lang.IllegalArgumentException: Whilst parsing command on line 4: Unknown item 'alienevo:color_module_light_gray' at position 139: ...hand with <--[HERE]
	at java.util.concurrent.CompletableFuture.encodeThrowable(CompletableFuture.java:315) ~[?:?]
	at java.util.concurrent.CompletableFuture.completeThrowable(CompletableFuture.java:320) ~[?:?]
	at java.util.concurrent.CompletableFuture$AsyncSupply.run(CompletableFuture.java:1770) ~[?:?]
	at java.util.concurrent.CompletableFuture$AsyncSupply.exec(CompletableFuture.java:1760) ~[?:?]
	at java.util.concurrent.ForkJoinTask.doExec(ForkJoinTask.java:387) ~[?:?]
	at java.util.concurrent.ForkJoinPool$WorkQueue.topLevelExec(ForkJoinPool.java:1312) ~[?:?]
	at java.util.concurrent.ForkJoinPool.scan(ForkJoinPool.java:1843) ~[?:?]
	at java.util.concurrent.ForkJoinPool.runWorker(ForkJoinPool.java:1808) ~[?:?]
	at java.util.concurrent.ForkJoinWorkerThread.run(ForkJoinWorkerThread.java:188) ~[?:?]
Caused by: java.lang.IllegalArgumentException: Whilst parsing command on line 4: Unknown item 'alienevo:color_module_light_gray' at position 139: ...hand with <--[HERE]
	at net.minecraft.class_2158.method_9195(class_2158.java:63) ~[server-intermediary.jar:?]
	at net.minecraft.class_5349.method_29451(class_5349.java:83) ~[server-intermediary.jar:?]
	at java.util.concurrent.CompletableFuture$AsyncSupply.run(CompletableFuture.java:1768) ~[?:?]
	... 6 more
[15:10:55] [main/ERROR]: Failed to load function alienevo:modules/main_uniform/purple
java.util.concurrent.CompletionException: java.lang.IllegalArgumentException: Whilst parsing command on line 4: Unknown item 'alienevo:color_module_light_gray' at position 139: ...hand with <--[HERE]
	at java.util.concurrent.CompletableFuture.encodeThrowable(CompletableFuture.java:315) ~[?:?]
	at java.util.concurrent.CompletableFuture.completeThrowable(CompletableFuture.java:320) ~[?:?]
	at java.util.concurrent.CompletableFuture$AsyncSupply.run(CompletableFuture.java:1770) ~[?:?]
	at java.util.concurrent.CompletableFuture$AsyncSupply.exec(CompletableFuture.java:1760) ~[?:?]
	at java.util.concurrent.ForkJoinTask.doExec(ForkJoinTask.java:387) ~[?:?]
	at java.util.concurrent.ForkJoinPool$WorkQueue.topLevelExec(ForkJoinPool.java:1312) ~[?:?]
	at java.util.concurrent.ForkJoinPool.scan(ForkJoinPool.java:1843) ~[?:?]
	at java.util.concurrent.ForkJoinPool.runWorker(ForkJoinPool.java:1808) ~[?:?]
	at java.util.concurrent.ForkJoinWorkerThread.run(ForkJoinWorkerThread.java:188) ~[?:?]
Caused by: java.lang.IllegalArgumentException: Whilst parsing command on line 4: Unknown item 'alienevo:color_module_light_gray' at position 139: ...hand with <--[HERE]
	at net.minecraft.class_2158.method_9195(class_2158.java:63) ~[server-intermediary.jar:?]
	at net.minecraft.class_5349.method_29451(class_5349.java:83) ~[server-intermediary.jar:?]
	at java.util.concurrent.CompletableFuture$AsyncSupply.run(CompletableFuture.java:1768) ~[?:?]
	... 6 more
[15:10:55] [main/ERROR]: Failed to load function alienevo:modules/secondary_uniform/white
java.util.concurrent.CompletionException: java.lang.IllegalArgumentException: Whilst parsing command on line 3: Unknown item 'alienevo:color_module_light_gray' at position 149: ...hand with <--[HERE]
	at java.util.concurrent.CompletableFuture.encodeThrowable(CompletableFuture.java:315) ~[?:?]
	at java.util.concurrent.CompletableFuture.completeThrowable(CompletableFuture.java:320) ~[?:?]
	at java.util.concurrent.CompletableFuture$AsyncSupply.run(CompletableFuture.java:1770) ~[?:?]
	at java.util.concurrent.CompletableFuture$AsyncSupply.exec(CompletableFuture.java:1760) ~[?:?]
	at java.util.concurrent.ForkJoinTask.doExec(ForkJoinTask.java:387) ~[?:?]
	at java.util.concurrent.ForkJoinPool$WorkQueue.topLevelExec(ForkJoinPool.java:1312) ~[?:?]
	at java.util.concurrent.ForkJoinPool.scan(ForkJoinPool.java:1843) ~[?:?]
	at java.util.concurrent.ForkJoinPool.runWorker(ForkJoinPool.java:1808) ~[?:?]
	at java.util.concurrent.ForkJoinWorkerThread.run(ForkJoinWorkerThread.java:188) ~[?:?]
Caused by: java.lang.IllegalArgumentException: Whilst parsing command on line 3: Unknown item 'alienevo:color_module_light_gray' at position 149: ...hand with <--[HERE]
	at net.minecraft.class_2158.method_9195(class_2158.java:63) ~[server-intermediary.jar:?]
	at net.minecraft.class_5349.method_29451(class_5349.java:83) ~[server-intermediary.jar:?]
	at java.util.concurrent.CompletableFuture$AsyncSupply.run(CompletableFuture.java:1768) ~[?:?]
	... 6 more
[15:10:55] [main/ERROR]: Failed to load function alienevo:modules/main_uniform/blue
java.util.concurrent.CompletionException: java.lang.IllegalArgumentException: Whilst parsing command on line 4: Unknown item 'alienevo:color_module_light_gray' at position 139: ...hand with <--[HERE]
	at java.util.concurrent.CompletableFuture.encodeThrowable(CompletableFuture.java:315) ~[?:?]
	at java.util.concurrent.CompletableFuture.completeThrowable(CompletableFuture.java:320) ~[?:?]
	at java.util.concurrent.CompletableFuture$AsyncSupply.run(CompletableFuture.java:1770) ~[?:?]
	at java.util.concurrent.CompletableFuture$AsyncSupply.exec(CompletableFuture.java:1760) ~[?:?]
	at java.util.concurrent.ForkJoinTask.doExec(ForkJoinTask.java:387) ~[?:?]
	at java.util.concurrent.ForkJoinPool$WorkQueue.topLevelExec(ForkJoinPool.java:1312) ~[?:?]
	at java.util.concurrent.ForkJoinPool.scan(ForkJoinPool.java:1843) ~[?:?]
	at java.util.concurrent.ForkJoinPool.runWorker(ForkJoinPool.java:1808) ~[?:?]
	at java.util.concurrent.ForkJoinWorkerThread.run(ForkJoinWorkerThread.java:188) ~[?:?]
Caused by: java.lang.IllegalArgumentException: Whilst parsing command on line 4: Unknown item 'alienevo:color_module_light_gray' at position 139: ...hand with <--[HERE]
	at net.minecraft.class_2158.method_9195(class_2158.java:63) ~[server-intermediary.jar:?]
	at net.minecraft.class_5349.method_29451(class_5349.java:83) ~[server-intermediary.jar:?]
	at java.util.concurrent.CompletableFuture$AsyncSupply.run(CompletableFuture.java:1768) ~[?:?]
	... 6 more
[15:10:55] [main/ERROR]: Failed to load function alienevo:modules/main_uniform/brown
java.util.concurrent.CompletionException: java.lang.IllegalArgumentException: Whilst parsing command on line 4: Unknown item 'alienevo:color_module_light_gray' at position 139: ...hand with <--[HERE]
	at java.util.concurrent.CompletableFuture.encodeThrowable(CompletableFuture.java:315) ~[?:?]
	at java.util.concurrent.CompletableFuture.completeThrowable(CompletableFuture.java:320) ~[?:?]
	at java.util.concurrent.CompletableFuture$AsyncSupply.run(CompletableFuture.java:1770) ~[?:?]
	at java.util.concurrent.CompletableFuture$AsyncSupply.exec(CompletableFuture.java:1760) ~[?:?]
	at java.util.concurrent.ForkJoinTask.doExec(ForkJoinTask.java:387) ~[?:?]
	at java.util.concurrent.ForkJoinPool$WorkQueue.topLevelExec(ForkJoinPool.java:1312) ~[?:?]
	at java.util.concurrent.ForkJoinPool.scan(ForkJoinPool.java:1843) ~[?:?]
	at java.util.concurrent.ForkJoinPool.runWorker(ForkJoinPool.java:1808) ~[?:?]
	at java.util.concurrent.ForkJoinWorkerThread.run(ForkJoinWorkerThread.java:188) ~[?:?]
Caused by: java.lang.IllegalArgumentException: Whilst parsing command on line 4: Unknown item 'alienevo:color_module_light_gray' at position 139: ...hand with <--[HERE]
	at net.minecraft.class_2158.method_9195(class_2158.java:63) ~[server-intermediary.jar:?]
	at net.minecraft.class_5349.method_29451(class_5349.java:83) ~[server-intermediary.jar:?]
	at java.util.concurrent.CompletableFuture$AsyncSupply.run(CompletableFuture.java:1768) ~[?:?]
	... 6 more
[15:10:55] [main/ERROR]: Failed to load function alienevo:abilities/decouple_module_remove
java.util.concurrent.CompletionException: java.lang.IllegalArgumentException: Whilst parsing command on line 2: Unknown item 'alienevo:decouple_module' at position 111: ...hand with <--[HERE]
	at java.util.concurrent.CompletableFuture.encodeThrowable(CompletableFuture.java:315) ~[?:?]
	at java.util.concurrent.CompletableFuture.completeThrowable(CompletableFuture.java:320) ~[?:?]
	at java.util.concurrent.CompletableFuture$AsyncSupply.run(CompletableFuture.java:1770) ~[?:?]
	at java.util.concurrent.CompletableFuture$AsyncSupply.exec(CompletableFuture.java:1760) ~[?:?]
	at java.util.concurrent.ForkJoinTask.doExec(ForkJoinTask.java:387) ~[?:?]
	at java.util.concurrent.ForkJoinPool$WorkQueue.topLevelExec(ForkJoinPool.java:1312) ~[?:?]
	at java.util.concurrent.ForkJoinPool.scan(ForkJoinPool.java:1843) ~[?:?]
	at java.util.concurrent.ForkJoinPool.runWorker(ForkJoinPool.java:1808) ~[?:?]
	at java.util.concurrent.ForkJoinWorkerThread.run(ForkJoinWorkerThread.java:188) ~[?:?]
Caused by: java.lang.IllegalArgumentException: Whilst parsing command on line 2: Unknown item 'alienevo:decouple_module' at position 111: ...hand with <--[HERE]
	at net.minecraft.class_2158.method_9195(class_2158.java:63) ~[server-intermediary.jar:?]
	at net.minecraft.class_5349.method_29451(class_5349.java:83) ~[server-intermediary.jar:?]
	at java.util.concurrent.CompletableFuture$AsyncSupply.run(CompletableFuture.java:1768) ~[?:?]
	... 6 more
[15:10:55] [main/ERROR]: Failed to load function alienevo:modules/glow_module/yellow
java.util.concurrent.CompletionException: java.lang.IllegalArgumentException: Whilst parsing command on line 4: Unknown item 'alienevo:color_module_light_gray' at position 131: ...hand with <--[HERE]
	at java.util.concurrent.CompletableFuture.encodeThrowable(CompletableFuture.java:315) ~[?:?]
	at java.util.concurrent.CompletableFuture.completeThrowable(CompletableFuture.java:320) ~[?:?]
	at java.util.concurrent.CompletableFuture$AsyncSupply.run(CompletableFuture.java:1770) ~[?:?]
	at java.util.concurrent.CompletableFuture$AsyncSupply.exec(CompletableFuture.java:1760) ~[?:?]
	at java.util.concurrent.ForkJoinTask.doExec(ForkJoinTask.java:387) ~[?:?]
	at java.util.concurrent.ForkJoinPool$WorkQueue.topLevelExec(ForkJoinPool.java:1312) ~[?:?]
	at java.util.concurrent.ForkJoinPool.scan(ForkJoinPool.java:1843) ~[?:?]
	at java.util.concurrent.ForkJoinPool.runWorker(ForkJoinPool.java:1808) ~[?:?]
	at java.util.concurrent.ForkJoinWorkerThread.run(ForkJoinWorkerThread.java:188) ~[?:?]
Caused by: java.lang.IllegalArgumentException: Whilst parsing command on line 4: Unknown item 'alienevo:color_module_light_gray' at position 131: ...hand with <--[HERE]
	at net.minecraft.class_2158.method_9195(class_2158.java:63) ~[server-intermediary.jar:?]
	at net.minecraft.class_5349.method_29451(class_5349.java:83) ~[server-intermediary.jar:?]
	at java.util.concurrent.CompletableFuture$AsyncSupply.run(CompletableFuture.java:1768) ~[?:?]
	... 6 more
[15:10:55] [main/ERROR]: Failed to load function alienevo:modules/secondary_uniform/brown
java.util.concurrent.CompletionException: java.lang.IllegalArgumentException: Whilst parsing command on line 4: Unknown item 'alienevo:color_module_light_gray' at position 149: ...hand with <--[HERE]
	at java.util.concurrent.CompletableFuture.encodeThrowable(CompletableFuture.java:315) ~[?:?]
	at java.util.concurrent.CompletableFuture.completeThrowable(CompletableFuture.java:320) ~[?:?]
	at java.util.concurrent.CompletableFuture$AsyncSupply.run(CompletableFuture.java:1770) ~[?:?]
	at java.util.concurrent.CompletableFuture$AsyncSupply.exec(CompletableFuture.java:1760) ~[?:?]
	at java.util.concurrent.ForkJoinTask.doExec(ForkJoinTask.java:387) ~[?:?]
	at java.util.concurrent.ForkJoinPool$WorkQueue.topLevelExec(ForkJoinPool.java:1312) ~[?:?]
	at java.util.concurrent.ForkJoinPool.scan(ForkJoinPool.java:1843) ~[?:?]
	at java.util.concurrent.ForkJoinPool.runWorker(ForkJoinPool.java:1808) ~[?:?]
	at java.util.concurrent.ForkJoinWorkerThread.run(ForkJoinWorkerThread.java:188) ~[?:?]
Caused by: java.lang.IllegalArgumentException: Whilst parsing command on line 4: Unknown item 'alienevo:color_module_light_gray' at position 149: ...hand with <--[HERE]
	at net.minecraft.class_2158.method_9195(class_2158.java:63) ~[server-intermediary.jar:?]
	at net.minecraft.class_5349.method_29451(class_5349.java:83) ~[server-intermediary.jar:?]
	at java.util.concurrent.CompletableFuture$AsyncSupply.run(CompletableFuture.java:1768) ~[?:?]
	... 6 more
[15:10:55] [main/ERROR]: Failed to load function alienevo:modules/glow_module/blue
java.util.concurrent.CompletionException: java.lang.IllegalArgumentException: Whilst parsing command on line 4: Unknown item 'alienevo:color_module_light_gray' at position 131: ...hand with <--[HERE]
	at java.util.concurrent.CompletableFuture.encodeThrowable(CompletableFuture.java:315) ~[?:?]
	at java.util.concurrent.CompletableFuture.completeThrowable(CompletableFuture.java:320) ~[?:?]
	at java.util.concurrent.CompletableFuture$AsyncSupply.run(CompletableFuture.java:1770) ~[?:?]
	at java.util.concurrent.CompletableFuture$AsyncSupply.exec(CompletableFuture.java:1760) ~[?:?]
	at java.util.concurrent.ForkJoinTask.doExec(ForkJoinTask.java:387) ~[?:?]
	at java.util.concurrent.ForkJoinPool$WorkQueue.topLevelExec(ForkJoinPool.java:1312) ~[?:?]
	at java.util.concurrent.ForkJoinPool.scan(ForkJoinPool.java:1843) ~[?:?]
	at java.util.concurrent.ForkJoinPool.runWorker(ForkJoinPool.java:1808) ~[?:?]
	at java.util.concurrent.ForkJoinWorkerThread.run(ForkJoinWorkerThread.java:188) ~[?:?]
Caused by: java.lang.IllegalArgumentException: Whilst parsing command on line 4: Unknown item 'alienevo:color_module_light_gray' at position 131: ...hand with <--[HERE]
	at net.minecraft.class_2158.method_9195(class_2158.java:63) ~[server-intermediary.jar:?]
	at net.minecraft.class_5349.method_29451(class_5349.java:83) ~[server-intermediary.jar:?]
	at java.util.concurrent.CompletableFuture$AsyncSupply.run(CompletableFuture.java:1768) ~[?:?]
	... 6 more
[15:10:55] [main/ERROR]: Failed to load function alienevo:modules/secondary_uniform/light_gray
java.util.concurrent.CompletionException: java.lang.IllegalArgumentException: Whilst parsing command on line 12: Unknown item 'alienevo:color_module_light_blue' at position 150: ...hand with <--[HERE]
	at java.util.concurrent.CompletableFuture.encodeThrowable(CompletableFuture.java:315) ~[?:?]
	at java.util.concurrent.CompletableFuture.completeThrowable(CompletableFuture.java:320) ~[?:?]
	at java.util.concurrent.CompletableFuture$AsyncSupply.run(CompletableFuture.java:1770) ~[?:?]
	at java.util.concurrent.CompletableFuture$AsyncSupply.exec(CompletableFuture.java:1760) ~[?:?]
	at java.util.concurrent.ForkJoinTask.doExec(ForkJoinTask.java:387) ~[?:?]
	at java.util.concurrent.ForkJoinPool$WorkQueue.topLevelExec(ForkJoinPool.java:1312) ~[?:?]
	at java.util.concurrent.ForkJoinPool.scan(ForkJoinPool.java:1843) ~[?:?]
	at java.util.concurrent.ForkJoinPool.runWorker(ForkJoinPool.java:1808) ~[?:?]
	at java.util.concurrent.ForkJoinWorkerThread.run(ForkJoinWorkerThread.java:188) ~[?:?]
Caused by: java.lang.IllegalArgumentException: Whilst parsing command on line 12: Unknown item 'alienevo:color_module_light_blue' at position 150: ...hand with <--[HERE]
	at net.minecraft.class_2158.method_9195(class_2158.java:63) ~[server-intermediary.jar:?]
	at net.minecraft.class_5349.method_29451(class_5349.java:83) ~[server-intermediary.jar:?]
	at java.util.concurrent.CompletableFuture$AsyncSupply.run(CompletableFuture.java:1768) ~[?:?]
	... 6 more
[15:10:55] [main/ERROR]: Failed to load function alienevo:modules/main_uniform/gray
java.util.concurrent.CompletionException: java.lang.IllegalArgumentException: Whilst parsing command on line 4: Unknown item 'alienevo:color_module_light_gray' at position 139: ...hand with <--[HERE]
	at java.util.concurrent.CompletableFuture.encodeThrowable(CompletableFuture.java:315) ~[?:?]
	at java.util.concurrent.CompletableFuture.completeThrowable(CompletableFuture.java:320) ~[?:?]
	at java.util.concurrent.CompletableFuture$AsyncSupply.run(CompletableFuture.java:1770) ~[?:?]
	at java.util.concurrent.CompletableFuture$AsyncSupply.exec(CompletableFuture.java:1760) ~[?:?]
	at java.util.concurrent.ForkJoinTask.doExec(ForkJoinTask.java:387) ~[?:?]
	at java.util.concurrent.ForkJoinPool$WorkQueue.topLevelExec(ForkJoinPool.java:1312) ~[?:?]
	at java.util.concurrent.ForkJoinPool.scan(ForkJoinPool.java:1843) ~[?:?]
	at java.util.concurrent.ForkJoinPool.runWorker(ForkJoinPool.java:1808) ~[?:?]
	at java.util.concurrent.ForkJoinWorkerThread.run(ForkJoinWorkerThread.java:188) ~[?:?]
Caused by: java.lang.IllegalArgumentException: Whilst parsing command on line 4: Unknown item 'alienevo:color_module_light_gray' at position 139: ...hand with <--[HERE]
	at net.minecraft.class_2158.method_9195(class_2158.java:63) ~[server-intermediary.jar:?]
	at net.minecraft.class_5349.method_29451(class_5349.java:83) ~[server-intermediary.jar:?]
	at java.util.concurrent.CompletableFuture$AsyncSupply.run(CompletableFuture.java:1768) ~[?:?]
	... 6 more
[15:10:55] [main/ERROR]: Failed to load function alienevo:modules/glow_module/gray
java.util.concurrent.CompletionException: java.lang.IllegalArgumentException: Whilst parsing command on line 4: Unknown item 'alienevo:color_module_light_gray' at position 131: ...hand with <--[HERE]
	at java.util.concurrent.CompletableFuture.encodeThrowable(CompletableFuture.java:315) ~[?:?]
	at java.util.concurrent.CompletableFuture.completeThrowable(CompletableFuture.java:320) ~[?:?]
	at java.util.concurrent.CompletableFuture$AsyncSupply.run(CompletableFuture.java:1770) ~[?:?]
	at java.util.concurrent.CompletableFuture$AsyncSupply.exec(CompletableFuture.java:1760) ~[?:?]
	at java.util.concurrent.ForkJoinTask.doExec(ForkJoinTask.java:387) ~[?:?]
	at java.util.concurrent.ForkJoinPool$WorkQueue.topLevelExec(ForkJoinPool.java:1312) ~[?:?]
	at java.util.concurrent.ForkJoinPool.scan(ForkJoinPool.java:1843) ~[?:?]
	at java.util.concurrent.ForkJoinPool.runWorker(ForkJoinPool.java:1808) ~[?:?]
	at java.util.concurrent.ForkJoinWorkerThread.run(ForkJoinWorkerThread.java:188) ~[?:?]
Caused by: java.lang.IllegalArgumentException: Whilst parsing command on line 4: Unknown item 'alienevo:color_module_light_gray' at position 131: ...hand with <--[HERE]
	at net.minecraft.class_2158.method_9195(class_2158.java:63) ~[server-intermediary.jar:?]
	at net.minecraft.class_5349.method_29451(class_5349.java:83) ~[server-intermediary.jar:?]
	at java.util.concurrent.CompletableFuture$AsyncSupply.run(CompletableFuture.java:1768) ~[?:?]
	... 6 more
[15:10:55] [main/ERROR]: Parsing error loading custom advancement alienevo:remove_core: Expected item to be an item, was unknown string 'alienevo:remove_core_module'
[15:10:55] [main/ERROR]: Parsing error loading custom advancement alienevo:decouple: Expected item to be an item, was unknown string 'alienevo:decouple_module'
[15:10:55] [main/ERROR]: Parsing error loading custom advancement alienevo:self_destruct: Expected item to be an item, was unknown string 'alienevo:self_destruct_module'
[15:10:55] [main/ERROR]: Parsing error loading custom advancement alienevo:craft_master: Expected item to be an item, was unknown string 'alienevo:master_control_module'
[15:10:55] [main/ERROR]: Parsing error loading custom advancement alienevo:base_form: Expected item to be an item, was unknown string 'alienevo:base_form_module'
[15:10:55] [main/INFO]: Loaded 1303 advancements
[15:10:55] [main/WARN]: 'under_water' condition found, please use 'is_under_water' instead!
[15:10:55] [main/ERROR]: Parsing error loading power alienevo:code_power_test
com.google.gson.JsonParseException: Ability 'alienevo:generate_random' does not exist!
	at net.threetag.palladium.power.ability.AbilityConfiguration.fromJSON(AbilityConfiguration.java:192) ~[palladium-4.2.2+1.20.1-fabric.jar:?]
	at net.threetag.palladium.power.Power.fromJSON(Power.java:186) ~[palladium-4.2.2+1.20.1-fabric.jar:?]
	at net.threetag.palladium.power.PowerManager.lambda$apply$3(PowerManager.java:82) ~[palladium-4.2.2+1.20.1-fabric.jar:?]
	at java.util.HashMap.forEach(HashMap.java:1429) ~[?:?]
	at net.threetag.palladium.power.PowerManager.apply(PowerManager.java:80) ~[palladium-4.2.2+1.20.1-fabric.jar:?]
	at net.threetag.palladium.power.PowerManager.method_18788(PowerManager.java:31) ~[palladium-4.2.2+1.20.1-fabric.jar:?]
	at net.minecraft.class_4080.method_18790(class_4080.java:13) ~[server-intermediary.jar:?]
	at java.util.concurrent.CompletableFuture$UniAccept.tryFire(CompletableFuture.java:718) ~[?:?]
	at java.util.concurrent.CompletableFuture$Completion.run(CompletableFuture.java:482) ~[?:?]
	at net.minecraft.class_4014.method_18365(class_4014.java:69) ~[server-intermediary.jar:?]
	at net.minecraft.class_156.method_43498(class_156.java:950) ~[server-intermediary.jar:?]
	at net.minecraft.class_156.method_43499(class_156.java:938) ~[server-intermediary.jar:?]
	at net.minecraft.server.Main.main(Main.java:160) ~[server-intermediary.jar:?]
	at net.fabricmc.loader.impl.game.minecraft.MinecraftGameProvider.launch(MinecraftGameProvider.java:480) ~[fabric-loader-0.16.14.jar:?]
	at net.fabricmc.loader.impl.launch.knot.Knot.launch(Knot.java:74) ~[fabric-loader-0.16.14.jar:?]
	at net.fabricmc.loader.impl.launch.knot.KnotServer.main(KnotServer.java:23) ~[fabric-loader-0.16.14.jar:?]
	at net.fabricmc.loader.impl.launch.server.FabricServerLauncher.main(FabricServerLauncher.java:69) ~[fabric-loader-0.16.14.jar:?]
	at net.fabricmc.installer.ServerLauncher.main(ServerLauncher.java:69) ~[server.jar:1.0.3]
[15:10:56] [main/INFO]: Loaded 49 powers
[15:10:56] [main/WARN]: Unknown power used for item 'afomni:seed'
[15:10:56] [main/ERROR]: Parsing error loading item powers afomni:seed
com.google.gson.JsonParseException: Unknown item 'afomni:seed'
	at net.threetag.palladium.power.ItemPowerManager.lambda$apply$2(ItemPowerManager.java:73) ~[palladium-4.2.2+1.20.1-fabric.jar:?]
	at java.util.HashMap.forEach(HashMap.java:1429) ~[?:?]
	at net.threetag.palladium.power.ItemPowerManager.apply(ItemPowerManager.java:40) ~[palladium-4.2.2+1.20.1-fabric.jar:?]
	at net.threetag.palladium.power.ItemPowerManager.method_18788(ItemPowerManager.java:22) ~[palladium-4.2.2+1.20.1-fabric.jar:?]
	at net.minecraft.class_4080.method_18790(class_4080.java:13) ~[server-intermediary.jar:?]
	at java.util.concurrent.CompletableFuture$UniAccept.tryFire(CompletableFuture.java:718) ~[?:?]
	at java.util.concurrent.CompletableFuture$Completion.run(CompletableFuture.java:482) ~[?:?]
	at net.minecraft.class_4014.method_18365(class_4014.java:69) ~[server-intermediary.jar:?]
	at net.minecraft.class_156.method_43498(class_156.java:950) ~[server-intermediary.jar:?]
	at net.minecraft.class_156.method_43499(class_156.java:938) ~[server-intermediary.jar:?]
	at net.minecraft.server.Main.main(Main.java:160) ~[server-intermediary.jar:?]
	at net.fabricmc.loader.impl.game.minecraft.MinecraftGameProvider.launch(MinecraftGameProvider.java:480) ~[fabric-loader-0.16.14.jar:?]
	at net.fabricmc.loader.impl.launch.knot.Knot.launch(Knot.java:74) ~[fabric-loader-0.16.14.jar:?]
	at net.fabricmc.loader.impl.launch.knot.KnotServer.main(KnotServer.java:23) ~[fabric-loader-0.16.14.jar:?]
	at net.fabricmc.loader.impl.launch.server.FabricServerLauncher.main(FabricServerLauncher.java:69) ~[fabric-loader-0.16.14.jar:?]
	at net.fabricmc.installer.ServerLauncher.main(ServerLauncher.java:69) ~[server.jar:1.0.3]
[15:10:56] [main/INFO]: Loaded 1 item powers
[15:10:56] [main/INFO]: Loaded 0 suit set powers
[15:10:56] [main/INFO]: Registered 63 objectives to be tracked
[15:10:56] [main/INFO]: Applied 212 biome modifications to 53 of 64 new biomes in 17.43 ms
[15:10:56] [Server thread/INFO]: [Dynmap] Added 20 custom biome mappings
[15:10:56] [Server thread/INFO]: [Dynmap] Using ops.txt for access control
[15:10:57] [Server thread/ERROR]: Registry 'palladium:suit_set' was empty after loading
[15:10:57] [Server thread/INFO]: Starting minecraft server version 1.20.1
[15:10:57] [Server thread/INFO]: Loading properties
[15:10:57] [Server thread/INFO]: Default game type: SURVIVAL
[15:10:57] [Server thread/INFO]: Generating keypair
[15:10:57] [Server thread/INFO]: Starting Minecraft server on *:25565
[15:10:57] [Server thread/INFO]: Using epoll channel type
[15:10:57] [Server thread/INFO]: Preparing level "world"
[15:10:58] [Server thread/INFO]: [Dynmap] Mod Support processing completed
[15:11:01] [Server thread/INFO]: [Dynmap] Loaded 27 shaders.
[15:11:01] [Server thread/INFO]: [Dynmap] Loaded 83 perspectives.
[15:11:01] [Server thread/INFO]: [Dynmap] Loaded 22 lightings.
[15:11:01] [Server thread/INFO]: [Dynmap] Starting enter/exit processing
[15:11:02] [Dynmap Render Thread/INFO]: [Dynmap] Finish marker initialization
[15:11:02] [Server thread/INFO]: [Dynmap] Web server started on address 0.0.0.0:8123
[15:11:02] [Server thread/INFO]: [Dynmap] version 3.7-SNAPSHOT is enabled - core version 3.7-SNAPSHOT-949
[15:11:02] [Server thread/INFO]: [Dynmap] For support, visit our Discord at https://discord.gg/s3rd5qn
[15:11:02] [Server thread/INFO]: [Dynmap] For news, visit https://reddit.com/r/Dynmap or follow https://universeodon.com/@dynmap
[15:11:02] [Server thread/INFO]: [Dynmap] To report or track bugs, visit https://github.com/webbukkit/dynmap/issues
[15:11:02] [Server thread/INFO]: [Dynmap] If you'd like to donate, please visit https://www.patreon.com/dynmap or https://ko-fi.com/michaelprimm
[15:11:02] [Server thread/INFO]: [Dynmap] Loaded 3 maps of world 'world'.
[15:11:02] [Server thread/INFO]: [Dynmap] Loaded 2 maps of world 'DIM-1'.
[15:11:02] [Server thread/INFO]: [Dynmap] Loaded 2 maps of world 'DIM1'.
[15:11:02] [Server thread/INFO]: [Dynmap] Loaded 748 pending tile renders for world 'world'
[15:11:02] [Server thread/INFO]: [Dynmap] Register events
[15:11:02] [Server thread/INFO]: [Dynmap] Enabled
[15:11:17] [Server thread/INFO]: Preparing start region for dimension minecraft:overworld
[15:11:17] [Server thread/INFO]: Server resource reload complete!
[15:11:23] [Worker-Main-1/INFO]: Preparing spawn area: 0%
[15:11:23] [Worker-Main-1/INFO]: Preparing spawn area: 0%
[15:11:23] [Worker-Main-1/INFO]: Preparing spawn area: 0%
[15:11:23] [Worker-Main-1/INFO]: Preparing spawn area: 0%
[15:11:23] [Worker-Main-1/INFO]: Preparing spawn area: 0%
[15:11:24] [Worker-Main-1/INFO]: Preparing spawn area: 0%
[15:11:24] [Worker-Main-1/INFO]: Preparing spawn area: 0%
[15:11:24] [Worker-Main-1/INFO]: Preparing spawn area: 0%
[15:11:24] [Worker-Main-1/INFO]: Preparing spawn area: 0%
[15:11:24] [Worker-Main-1/INFO]: Preparing spawn area: 0%
[15:11:24] [Worker-Main-1/INFO]: Preparing spawn area: 0%
[15:11:24] [Worker-Main-1/INFO]: Preparing spawn area: 0%
[15:11:24] [Worker-Main-1/INFO]: Preparing spawn area: 0%
[15:11:24] [Worker-Main-1/INFO]: Preparing spawn area: 0%
[15:11:24] [Worker-Main-1/INFO]: Preparing spawn area: 0%
[15:11:24] [Worker-Main-1/INFO]: Preparing spawn area: 0%
[15:11:25] [Worker-Main-1/INFO]: Preparing spawn area: 0%
[15:11:25] [Server thread/INFO]: Time elapsed: 8766 ms
[15:11:25] [Server thread/INFO]: Done (28.046s)! For help, type "help"
[15:11:25] [Server thread/INFO]: Loading Xaero's Minimap - Stage 2/2 (Server)
[15:11:26] [Server thread/INFO]: [Dynmap] Loaded 637 pending tile renders for world 'world'
[15:11:28] [Dynmap Render Thread/INFO]: [Dynmap] Loading resource pack standard
[15:11:29] [Server thread/WARN]: Can't keep up! Is the server overloaded? Running 2027ms or 40 ticks behind
[15:11:53] [User Authenticator #1/INFO]: UUID of player Wudeyu is 15e2e32b-980b-4eb5-9273-51d98adddf03
[15:11:54] [Server thread/INFO]: Wudeyu[/127.204.169.183:38163] logged in with entity id 164 at (733.6999999880791, 11.0, -1974.699999988079)
[15:11:54] [Server thread/INFO]: Wudeyu joined the game
[15:11:55] [Server thread/ERROR]: Was not able to read user's supporter data! (15e2e32b-980b-4eb5-9273-51d98adddf03)
[15:12:01] [Server thread/WARN]: Can't keep up! Is the server overloaded? Running 7418ms or 148 ticks behind
[15:12:31] [User Authenticator #2/INFO]: UUID of player andrwdnc is 176a7355-b1a0-4614-9e54-21846a08e496
[15:12:31] [Server thread/INFO]: andrwdnc[/127.127.217.91:35739] logged in with entity id 379 at (9.5, 64.0, -28.5)
[15:12:31] [Server thread/INFO]: andrwdnc joined the game
[15:12:31] [Server thread/ERROR]: Was not able to read user's supporter data! (176a7355-b1a0-4614-9e54-21846a08e496)
[15:12:33] [Server thread/WARN]: Can't keep up! Is the server overloaded? Running 2013ms or 40 ticks behind
[15:12:50] [Server thread/WARN]: Can't keep up! Is the server overloaded? Running 2032ms or 40 ticks behind
[15:12:57] [Server thread/INFO]: [andrwdnc: Teleported andrwdnc to Wudeyu]
[15:14:25] [Server thread/INFO]: [andrwdnc: Set own game mode to Creative Mode]
[15:15:03] [Server thread/INFO]: [Wudeyu: Gave 1 [Evolved Omnitrix (Yellow)] to andrwdnc]
[15:15:55] [Server thread/INFO]: [andrwdnc: Set own game mode to Survival Mode]
[15:16:42] [Server thread/WARN]: Can't keep up! Is the server overloaded? Running 2071ms or 41 ticks behind
[15:17:15] [Server thread/INFO]: [andrwdnc: Teleported andrwdnc to Wudeyu]
[15:17:38] [Server thread/WARN]: Can't keep up! Is the server overloaded? Running 2012ms or 40 ticks behind
[15:19:15] [Server thread/INFO]: andrwdnc lost connection: Disconnected
[15:19:15] [Server thread/INFO]: Ectonurite left the game
[15:19:21] [User Authenticator #3/INFO]: UUID of player andrwdnc is 176a7355-b1a0-4614-9e54-21846a08e496
[15:19:22] [Server thread/INFO]: andrwdnc[/127.127.217.91:42847] logged in with entity id 790 at (759.3421854237895, 1.0, -2004.1047989534534)
[15:19:22] [Server thread/INFO]: andrwdnc joined the game
[15:19:22] [Server thread/ERROR]: Was not able to read user's supporter data! (176a7355-b1a0-4614-9e54-21846a08e496)
[15:19:45] [Server thread/WARN]: Can't keep up! Is the server overloaded? Running 2029ms or 40 ticks behind
[15:19:47] [Server thread/INFO]: [Ectonurite: Teleported Wudeyu to Ectonurite]
[15:22:24] [Server thread/WARN]: Can't keep up! Is the server overloaded? Running 2010ms or 40 ticks behind
[15:22:52] [Server thread/WARN]: Can't keep up! Is the server overloaded? Running 2004ms or 40 ticks behind
[15:23:36] [Server thread/WARN]: Can't keep up! Is the server overloaded? Running 2090ms or 41 ticks behind
[15:24:12] [Server thread/WARN]: Can't keep up! Is the server overloaded? Running 2029ms or 40 ticks behind
[15:36:38] [Server thread/INFO]: [andrwdnc: Teleported andrwdnc to 523.500000, 95.500000, -475.500000]
[15:36:40] [Server thread/WARN]: Can't keep up! Is the server overloaded? Running 2081ms or 41 ticks behind
[15:36:58] [Server thread/WARN]: Can't keep up! Is the server overloaded? Running 2007ms or 40 ticks behind
[15:37:23] [Server thread/WARN]: Can't keep up! Is the server overloaded? Running 2081ms or 41 ticks behind
[15:38:09] [Server thread/WARN]: Can't keep up! Is the server overloaded? Running 2051ms or 41 ticks behind
[15:41:34] [Server thread/WARN]: Can't keep up! Is the server overloaded? Running 2042ms or 40 ticks behind
[15:43:23] [Server thread/WARN]: Can't keep up! Is the server overloaded? Running 2034ms or 40 ticks behind
[15:45:23] [Server thread/INFO]: [Lepidopterran: Teleported Lepidopterran to Petrosapien]
[15:47:30] [Server thread/INFO]: [andrwdnc: Teleported andrwdnc to 523.500000, 95.500000, -475.500000]
[15:48:49] [Server thread/WARN]: andrwdnc moved wrongly!
[15:48:50] [Server thread/WARN]: andrwdnc moved too quickly! 0.08276426685398519,18.580000013113022,-0.09612907069890753
[15:55:07] [Server thread/INFO]: andrwdnc fell from a high place
[15:55:16] [Server thread/INFO]: [andrwdnc: Teleported andrwdnc to 514.500000, 64.500000, -501.500000]
[15:55:57] [Server thread/WARN]: andrwdnc moved too quickly! -0.011057391418148654,18.580000013113022,0.07350647146080291
[15:55:58] [Server thread/WARN]: andrwdnc moved too quickly! -0.20475528863801173,12.580000013113022,0.047908586617268156
[15:56:16] [Server thread/INFO]: [Wudeyu: Stopping the server]
[15:56:16] [Server thread/INFO]: [Dynmap] Unloaded 11 components.
[15:56:16] [Server thread/INFO]: [Dynmap] Stopping map renderer...
[15:56:17] [Server thread/INFO]: [Dynmap] Saved 594 pending tile renders in world 'world'
[15:56:17] [Server thread/INFO]: [Dynmap] Disabled
[15:56:17] [Server thread/INFO]: Stopping server
[15:56:17] [Server thread/INFO]: Saving players
[15:56:17] [Server thread/INFO]: Wudeyu lost connection: Server closed
[15:56:17] [Server thread/INFO]: Wudeyu left the game
[15:56:17] [Server thread/INFO]: Saving worlds
[15:56:17] [Server thread/INFO]: Saving chunks for level 'ServerLevel[world]'/minecraft:overworld
[15:56:19] [Server thread/INFO]: Saving chunks for level 'ServerLevel[world]'/minecraft:the_nether
[15:56:19] [Server thread/INFO]: Saving chunks for level 'ServerLevel[world]'/minecraft:the_end
[15:56:19] [Server thread/INFO]: ThreadedAnvilChunkStorage (world): All chunks are saved
[15:56:19] [Server thread/INFO]: ThreadedAnvilChunkStorage (DIM-1): All chunks are saved
[15:56:19] [Server thread/INFO]: ThreadedAnvilChunkStorage (DIM1): All chunks are saved
[15:56:19] [Server thread/INFO]: ThreadedAnvilChunkStorage: All dimensions are saved
